plant,phase,toal_water_production,day,value
Al-Jubail,MSF-Phase2,Desal01,2022-05-01,25005
Al-Jubail,MSF-Phase2,Desal01,2022-05-02,24906
Al-Jubail,MSF-Phase2,Desal01,2022-05-03,25025
Al-Jubail,MSF-Phase2,Desal01,2022-05-04,25215
Al-Jubail,MSF-Phase2,Desal01,2022-05-05,25329
Al-Jubail,MSF-Phase2,Desal01,2022-05-06,25016
Al-Jubail,MSF-Phase2,Desal01,2022-05-07,24896
Al-Jubail,MSF-Phase2,Desal01,2022-05-08,25125
Al-Jubail,MSF-Phase2,Desal01,2022-05-09,24988
Al-Jubail,MSF-Phase2,Desal01,2022-05-10,24991
Al-Jubail,MSF-Phase2,Desal01,2022-05-11,13041
Al-Jubail,MSF-Phase2,Desal01,2022-05-12,19816
Al-Jubail,MSF-Phase2,Desal01,2022-05-13,24495
Al-Jubail,MSF-Phase2,Desal01,2022-05-14,24343
Al-Jubail,MSF-Phase2,Desal01,2022-05-15,19554
Al-Jubail,MSF-Phase2,Desal01,2022-05-16,95
Al-Jubail,MSF-Phase2,Desal01,2022-05-17,0
Al-Jubail,MSF-Phase2,Desal01,2022-05-18,9270
Al-Jubail,MSF-Phase2,Desal01,2022-05-19,23993
Al-Jubail,MSF-Phase2,Desal01,2022-05-20,24202
Al-Jubail,MSF-Phase2,Desal01,2022-05-21,24218
Al-Jubail,MSF-Phase2,Desal01,2022-05-22,1297
Al-Jubail,MSF-Phase2,Desal01,2022-05-23,3877
Al-Jubail,MSF-Phase2,Desal01,2022-05-24,0
Al-Jubail,MSF-Phase2,Desal01,2022-05-25,11991
Al-Jubail,MSF-Phase2,Desal01,2022-05-26,16631
Al-Jubail,MSF-Phase2,Desal01,2022-05-27,14289
Al-Jubail,MSF-Phase2,Desal01,2022-05-28,14465
Al-Jubail,MSF-Phase2,Desal01,2022-05-29,14438
Al-Jubail,MSF-Phase2,Desal01,2022-05-30,14090
Al-Jubail,MSF-Phase2,Desal01,2022-05-31,13834
Al-Jubail,MSF-Phase2,Desal02,2022-05-01,25436
Al-Jubail,MSF-Phase2,Desal02,2022-05-02,25320
Al-Jubail,MSF-Phase2,Desal02,2022-05-03,25480
Al-Jubail,MSF-Phase2,Desal02,2022-05-04,25517
Al-Jubail,MSF-Phase2,Desal02,2022-05-05,25438
Al-Jubail,MSF-Phase2,Desal02,2022-05-06,25336
Al-Jubail,MSF-Phase2,Desal02,2022-05-07,25383
Al-Jubail,MSF-Phase2,Desal02,2022-05-08,25621
Al-Jubail,MSF-Phase2,Desal02,2022-05-09,25764
Al-Jubail,MSF-Phase2,Desal02,2022-05-10,25663
Al-Jubail,MSF-Phase2,Desal02,2022-05-11,13335
Al-Jubail,MSF-Phase2,Desal02,2022-05-12,20740
Al-Jubail,MSF-Phase2,Desal02,2022-05-13,24816
Al-Jubail,MSF-Phase2,Desal02,2022-05-14,25012
Al-Jubail,MSF-Phase2,Desal02,2022-05-15,19876
Al-Jubail,MSF-Phase2,Desal02,2022-05-16,0
Al-Jubail,MSF-Phase2,Desal02,2022-05-17,0
Al-Jubail,MSF-Phase2,Desal02,2022-05-18,11087
Al-Jubail,MSF-Phase2,Desal02,2022-05-19,22619
Al-Jubail,MSF-Phase2,Desal02,2022-05-20,22167
Al-Jubail,MSF-Phase2,Desal02,2022-05-21,23108
Al-Jubail,MSF-Phase2,Desal02,2022-05-22,2085
Al-Jubail,MSF-Phase2,Desal02,2022-05-23,7613
Al-Jubail,MSF-Phase2,Desal02,2022-05-24,13629
Al-Jubail,MSF-Phase2,Desal02,2022-05-25,21956
Al-Jubail,MSF-Phase2,Desal02,2022-05-26,17217
Al-Jubail,MSF-Phase2,Desal02,2022-05-27,14998
Al-Jubail,MSF-Phase2,Desal02,2022-05-28,14954
Al-Jubail,MSF-Phase2,Desal02,2022-05-29,14813
Al-Jubail,MSF-Phase2,Desal02,2022-05-30,14635
Al-Jubail,MSF-Phase2,Desal02,2022-05-31,16105
Al-Jubail,MSF-Phase2,Desal03,2022-05-01,26535
Al-Jubail,MSF-Phase2,Desal03,2022-05-02,26424
Al-Jubail,MSF-Phase2,Desal03,2022-05-03,26333
Al-Jubail,MSF-Phase2,Desal03,2022-05-04,26183
Al-Jubail,MSF-Phase2,Desal03,2022-05-05,26147
Al-Jubail,MSF-Phase2,Desal03,2022-05-06,26196
Al-Jubail,MSF-Phase2,Desal03,2022-05-07,26223
Al-Jubail,MSF-Phase2,Desal03,2022-05-08,26325
Al-Jubail,MSF-Phase2,Desal03,2022-05-09,26190
Al-Jubail,MSF-Phase2,Desal03,2022-05-10,26027
Al-Jubail,MSF-Phase2,Desal03,2022-05-11,13668
Al-Jubail,MSF-Phase2,Desal03,2022-05-12,20280
Al-Jubail,MSF-Phase2,Desal03,2022-05-13,24488
Al-Jubail,MSF-Phase2,Desal03,2022-05-14,24334
Al-Jubail,MSF-Phase2,Desal03,2022-05-15,19346
Al-Jubail,MSF-Phase2,Desal03,2022-05-16,0
Al-Jubail,MSF-Phase2,Desal03,2022-05-17,0
Al-Jubail,MSF-Phase2,Desal03,2022-05-18,9783
Al-Jubail,MSF-Phase2,Desal03,2022-05-19,24027
Al-Jubail,MSF-Phase2,Desal03,2022-05-20,24205
Al-Jubail,MSF-Phase2,Desal03,2022-05-21,24077
Al-Jubail,MSF-Phase2,Desal03,2022-05-22,1263
Al-Jubail,MSF-Phase2,Desal03,2022-05-23,4682
Al-Jubail,MSF-Phase2,Desal03,2022-05-24,2742
Al-Jubail,MSF-Phase2,Desal03,2022-05-25,14164
Al-Jubail,MSF-Phase2,Desal03,2022-05-26,20011
Al-Jubail,MSF-Phase2,Desal03,2022-05-27,23912
Al-Jubail,MSF-Phase2,Desal03,2022-05-28,23947
Al-Jubail,MSF-Phase2,Desal03,2022-05-29,23581
Al-Jubail,MSF-Phase2,Desal03,2022-05-30,23280
Al-Jubail,MSF-Phase2,Desal03,2022-05-31,21316
Al-Jubail,MSF-Phase2,Desal04,2022-05-01,28053
Al-Jubail,MSF-Phase2,Desal04,2022-05-02,27908
Al-Jubail,MSF-Phase2,Desal04,2022-05-03,27868
Al-Jubail,MSF-Phase2,Desal04,2022-05-04,27799
Al-Jubail,MSF-Phase2,Desal04,2022-05-05,27751
Al-Jubail,MSF-Phase2,Desal04,2022-05-06,27612
Al-Jubail,MSF-Phase2,Desal04,2022-05-07,27420
Al-Jubail,MSF-Phase2,Desal04,2022-05-08,27666
Al-Jubail,MSF-Phase2,Desal04,2022-05-09,27675
Al-Jubail,MSF-Phase2,Desal04,2022-05-10,27581
Al-Jubail,MSF-Phase2,Desal04,2022-05-11,14398
Al-Jubail,MSF-Phase2,Desal04,2022-05-12,20355
Al-Jubail,MSF-Phase2,Desal04,2022-05-13,25465
Al-Jubail,MSF-Phase2,Desal04,2022-05-14,25503
Al-Jubail,MSF-Phase2,Desal04,2022-05-15,19909
Al-Jubail,MSF-Phase2,Desal04,2022-05-16,0
Al-Jubail,MSF-Phase2,Desal04,2022-05-17,0
Al-Jubail,MSF-Phase2,Desal04,2022-05-18,9297
Al-Jubail,MSF-Phase2,Desal04,2022-05-19,26982
Al-Jubail,MSF-Phase2,Desal04,2022-05-20,26754
Al-Jubail,MSF-Phase2,Desal04,2022-05-21,26815
Al-Jubail,MSF-Phase2,Desal04,2022-05-22,1417
Al-Jubail,MSF-Phase2,Desal04,2022-05-23,5354
Al-Jubail,MSF-Phase2,Desal04,2022-05-24,14999
Al-Jubail,MSF-Phase2,Desal04,2022-05-25,20864
Al-Jubail,MSF-Phase2,Desal04,2022-05-26,23655
Al-Jubail,MSF-Phase2,Desal04,2022-05-27,25315
Al-Jubail,MSF-Phase2,Desal04,2022-05-28,25537
Al-Jubail,MSF-Phase2,Desal04,2022-05-29,24789
Al-Jubail,MSF-Phase2,Desal04,2022-05-30,24804
Al-Jubail,MSF-Phase2,Desal04,2022-05-31,21685
Al-Jubail,MSF-Phase2,Desal05,2022-05-01,28179
Al-Jubail,MSF-Phase2,Desal05,2022-05-02,28118
Al-Jubail,MSF-Phase2,Desal05,2022-05-03,28195
Al-Jubail,MSF-Phase2,Desal05,2022-05-04,28207
Al-Jubail,MSF-Phase2,Desal05,2022-05-05,28361
Al-Jubail,MSF-Phase2,Desal05,2022-05-06,28498
Al-Jubail,MSF-Phase2,Desal05,2022-05-07,28329
Al-Jubail,MSF-Phase2,Desal05,2022-05-08,28257
Al-Jubail,MSF-Phase2,Desal05,2022-05-09,28027
Al-Jubail,MSF-Phase2,Desal05,2022-05-10,27940
Al-Jubail,MSF-Phase2,Desal05,2022-05-11,27708
Al-Jubail,MSF-Phase2,Desal05,2022-05-12,27983
Al-Jubail,MSF-Phase2,Desal05,2022-05-13,28377
Al-Jubail,MSF-Phase2,Desal05,2022-05-14,28231
Al-Jubail,MSF-Phase2,Desal05,2022-05-15,27908
Al-Jubail,MSF-Phase2,Desal05,2022-05-16,28122
Al-Jubail,MSF-Phase2,Desal05,2022-05-17,16944
Al-Jubail,MSF-Phase2,Desal05,2022-05-18,4137
Al-Jubail,MSF-Phase2,Desal05,2022-05-19,27366
Al-Jubail,MSF-Phase2,Desal05,2022-05-20,27648
Al-Jubail,MSF-Phase2,Desal05,2022-05-21,28388
Al-Jubail,MSF-Phase2,Desal05,2022-05-22,28124
Al-Jubail,MSF-Phase2,Desal05,2022-05-23,28034
Al-Jubail,MSF-Phase2,Desal05,2022-05-24,28054
Al-Jubail,MSF-Phase2,Desal05,2022-05-25,27962
Al-Jubail,MSF-Phase2,Desal05,2022-05-26,27969
Al-Jubail,MSF-Phase2,Desal05,2022-05-27,27953
Al-Jubail,MSF-Phase2,Desal05,2022-05-28,27969
Al-Jubail,MSF-Phase2,Desal05,2022-05-29,20102
Al-Jubail,MSF-Phase2,Desal05,2022-05-30,1174
Al-Jubail,MSF-Phase2,Desal05,2022-05-31,26710
Al-Jubail,MSF-Phase2,Desal06,2022-05-01,27259
Al-Jubail,MSF-Phase2,Desal06,2022-05-02,27276
Al-Jubail,MSF-Phase2,Desal06,2022-05-03,27038
Al-Jubail,MSF-Phase2,Desal06,2022-05-04,26344
Al-Jubail,MSF-Phase2,Desal06,2022-05-05,25793
Al-Jubail,MSF-Phase2,Desal06,2022-05-06,26779
Al-Jubail,MSF-Phase2,Desal06,2022-05-07,26585
Al-Jubail,MSF-Phase2,Desal06,2022-05-08,26878
Al-Jubail,MSF-Phase2,Desal06,2022-05-09,26696
Al-Jubail,MSF-Phase2,Desal06,2022-05-10,26596
Al-Jubail,MSF-Phase2,Desal06,2022-05-11,26622
Al-Jubail,MSF-Phase2,Desal06,2022-05-12,26264
Al-Jubail,MSF-Phase2,Desal06,2022-05-13,26729
Al-Jubail,MSF-Phase2,Desal06,2022-05-14,26934
Al-Jubail,MSF-Phase2,Desal06,2022-05-15,26846
Al-Jubail,MSF-Phase2,Desal06,2022-05-16,26763
Al-Jubail,MSF-Phase2,Desal06,2022-05-17,16283
Al-Jubail,MSF-Phase2,Desal06,2022-05-18,8672
Al-Jubail,MSF-Phase2,Desal06,2022-05-19,26443
Al-Jubail,MSF-Phase2,Desal06,2022-05-20,26845
Al-Jubail,MSF-Phase2,Desal06,2022-05-21,27066
Al-Jubail,MSF-Phase2,Desal06,2022-05-22,27039
Al-Jubail,MSF-Phase2,Desal06,2022-05-23,27024
Al-Jubail,MSF-Phase2,Desal06,2022-05-24,27007
Al-Jubail,MSF-Phase2,Desal06,2022-05-25,27088
Al-Jubail,MSF-Phase2,Desal06,2022-05-26,27053
Al-Jubail,MSF-Phase2,Desal06,2022-05-27,26993
Al-Jubail,MSF-Phase2,Desal06,2022-05-28,27029
Al-Jubail,MSF-Phase2,Desal06,2022-05-29,19408
Al-Jubail,MSF-Phase2,Desal06,2022-05-30,30
Al-Jubail,MSF-Phase2,Desal06,2022-05-31,22421
Al-Jubail,MSF-Phase2,Desal07,2022-05-01,28117
Al-Jubail,MSF-Phase2,Desal07,2022-05-02,27855
Al-Jubail,MSF-Phase2,Desal07,2022-05-03,27798
Al-Jubail,MSF-Phase2,Desal07,2022-05-04,27694
Al-Jubail,MSF-Phase2,Desal07,2022-05-05,27817
Al-Jubail,MSF-Phase2,Desal07,2022-05-06,27671
Al-Jubail,MSF-Phase2,Desal07,2022-05-07,27733
Al-Jubail,MSF-Phase2,Desal07,2022-05-08,27948
Al-Jubail,MSF-Phase2,Desal07,2022-05-09,27718
Al-Jubail,MSF-Phase2,Desal07,2022-05-10,27827
Al-Jubail,MSF-Phase2,Desal07,2022-05-11,27554
Al-Jubail,MSF-Phase2,Desal07,2022-05-12,27624
Al-Jubail,MSF-Phase2,Desal07,2022-05-13,27700
Al-Jubail,MSF-Phase2,Desal07,2022-05-14,27835
Al-Jubail,MSF-Phase2,Desal07,2022-05-15,27483
Al-Jubail,MSF-Phase2,Desal07,2022-05-16,27457
Al-Jubail,MSF-Phase2,Desal07,2022-05-17,16733
Al-Jubail,MSF-Phase2,Desal07,2022-05-18,12985
Al-Jubail,MSF-Phase2,Desal07,2022-05-19,27305
Al-Jubail,MSF-Phase2,Desal07,2022-05-20,27215
Al-Jubail,MSF-Phase2,Desal07,2022-05-21,27817
Al-Jubail,MSF-Phase2,Desal07,2022-05-22,27862
Al-Jubail,MSF-Phase2,Desal07,2022-05-23,28025
Al-Jubail,MSF-Phase2,Desal07,2022-05-24,28136
Al-Jubail,MSF-Phase2,Desal07,2022-05-25,28106
Al-Jubail,MSF-Phase2,Desal07,2022-05-26,28141
Al-Jubail,MSF-Phase2,Desal07,2022-05-27,28075
Al-Jubail,MSF-Phase2,Desal07,2022-05-28,27933
Al-Jubail,MSF-Phase2,Desal07,2022-05-29,20301
Al-Jubail,MSF-Phase2,Desal07,2022-05-30,819
Al-Jubail,MSF-Phase2,Desal07,2022-05-31,26678
Al-Jubail,MSF-Phase2,Desal08,2022-05-01,26977
Al-Jubail,MSF-Phase2,Desal08,2022-05-02,26848
Al-Jubail,MSF-Phase2,Desal08,2022-05-03,26778
Al-Jubail,MSF-Phase2,Desal08,2022-05-04,26739
Al-Jubail,MSF-Phase2,Desal08,2022-05-05,26736
Al-Jubail,MSF-Phase2,Desal08,2022-05-06,26681
Al-Jubail,MSF-Phase2,Desal08,2022-05-07,26676
Al-Jubail,MSF-Phase2,Desal08,2022-05-08,26936
Al-Jubail,MSF-Phase2,Desal08,2022-05-09,26806
Al-Jubail,MSF-Phase2,Desal08,2022-05-10,26652
Al-Jubail,MSF-Phase2,Desal08,2022-05-11,26375
Al-Jubail,MSF-Phase2,Desal08,2022-05-12,26519
Al-Jubail,MSF-Phase2,Desal08,2022-05-13,26556
Al-Jubail,MSF-Phase2,Desal08,2022-05-14,26693
Al-Jubail,MSF-Phase2,Desal08,2022-05-15,26541
Al-Jubail,MSF-Phase2,Desal08,2022-05-16,26439
Al-Jubail,MSF-Phase2,Desal08,2022-05-17,16294
Al-Jubail,MSF-Phase2,Desal08,2022-05-18,13120
Al-Jubail,MSF-Phase2,Desal08,2022-05-19,27262
Al-Jubail,MSF-Phase2,Desal08,2022-05-20,27108
Al-Jubail,MSF-Phase2,Desal08,2022-05-21,27995
Al-Jubail,MSF-Phase2,Desal08,2022-05-22,27953
Al-Jubail,MSF-Phase2,Desal08,2022-05-23,27837
Al-Jubail,MSF-Phase2,Desal08,2022-05-24,27772
Al-Jubail,MSF-Phase2,Desal08,2022-05-25,27599
Al-Jubail,MSF-Phase2,Desal08,2022-05-26,27509
Al-Jubail,MSF-Phase2,Desal08,2022-05-27,27552
Al-Jubail,MSF-Phase2,Desal08,2022-05-28,27625
Al-Jubail,MSF-Phase2,Desal08,2022-05-29,20481
Al-Jubail,MSF-Phase2,Desal08,2022-05-30,22
Al-Jubail,MSF-Phase2,Desal08,2022-05-31,0
Al-Jubail,MSF-Phase2,Desal09,2022-05-01,28531
Al-Jubail,MSF-Phase2,Desal09,2022-05-02,28384
Al-Jubail,MSF-Phase2,Desal09,2022-05-03,28348
Al-Jubail,MSF-Phase2,Desal09,2022-05-04,28325
Al-Jubail,MSF-Phase2,Desal09,2022-05-05,28170
Al-Jubail,MSF-Phase2,Desal09,2022-05-06,28209
Al-Jubail,MSF-Phase2,Desal09,2022-05-07,28355
Al-Jubail,MSF-Phase2,Desal09,2022-05-08,28598
Al-Jubail,MSF-Phase2,Desal09,2022-05-09,29256
Al-Jubail,MSF-Phase2,Desal09,2022-05-10,29275
Al-Jubail,MSF-Phase2,Desal09,2022-05-11,29147
Al-Jubail,MSF-Phase2,Desal09,2022-05-12,28881
Al-Jubail,MSF-Phase2,Desal09,2022-05-13,28872
Al-Jubail,MSF-Phase2,Desal09,2022-05-14,29195
Al-Jubail,MSF-Phase2,Desal09,2022-05-15,23712
Al-Jubail,MSF-Phase2,Desal09,2022-05-16,3
Al-Jubail,MSF-Phase2,Desal09,2022-05-17,2
Al-Jubail,MSF-Phase2,Desal09,2022-05-18,16555
Al-Jubail,MSF-Phase2,Desal09,2022-05-19,29408
Al-Jubail,MSF-Phase2,Desal09,2022-05-20,29320
Al-Jubail,MSF-Phase2,Desal09,2022-05-21,29331
Al-Jubail,MSF-Phase2,Desal09,2022-05-22,29489
Al-Jubail,MSF-Phase2,Desal09,2022-05-23,29747
Al-Jubail,MSF-Phase2,Desal09,2022-05-24,29722
Al-Jubail,MSF-Phase2,Desal09,2022-05-25,29738
Al-Jubail,MSF-Phase2,Desal09,2022-05-26,29670
Al-Jubail,MSF-Phase2,Desal09,2022-05-27,29577
Al-Jubail,MSF-Phase2,Desal09,2022-05-28,29540
Al-Jubail,MSF-Phase2,Desal09,2022-05-29,22723
Al-Jubail,MSF-Phase2,Desal09,2022-05-30,0
Al-Jubail,MSF-Phase2,Desal09,2022-05-31,17496
Al-Jubail,MSF-Phase2,Desal10,2022-05-01,28009
Al-Jubail,MSF-Phase2,Desal10,2022-05-02,27840
Al-Jubail,MSF-Phase2,Desal10,2022-05-03,27718
Al-Jubail,MSF-Phase2,Desal10,2022-05-04,27606
Al-Jubail,MSF-Phase2,Desal10,2022-05-05,27724
Al-Jubail,MSF-Phase2,Desal10,2022-05-06,27699
Al-Jubail,MSF-Phase2,Desal10,2022-05-07,27778
Al-Jubail,MSF-Phase2,Desal10,2022-05-08,28130
Al-Jubail,MSF-Phase2,Desal10,2022-05-09,28308
Al-Jubail,MSF-Phase2,Desal10,2022-05-10,28291
Al-Jubail,MSF-Phase2,Desal10,2022-05-11,28199
Al-Jubail,MSF-Phase2,Desal10,2022-05-12,28071
Al-Jubail,MSF-Phase2,Desal10,2022-05-13,28096
Al-Jubail,MSF-Phase2,Desal10,2022-05-14,28350
Al-Jubail,MSF-Phase2,Desal10,2022-05-15,22380
Al-Jubail,MSF-Phase2,Desal10,2022-05-16,0
Al-Jubail,MSF-Phase2,Desal10,2022-05-17,0
Al-Jubail,MSF-Phase2,Desal10,2022-05-18,15521
Al-Jubail,MSF-Phase2,Desal10,2022-05-19,27881
Al-Jubail,MSF-Phase2,Desal10,2022-05-20,27765
Al-Jubail,MSF-Phase2,Desal10,2022-05-21,27900
Al-Jubail,MSF-Phase2,Desal10,2022-05-22,27826
Al-Jubail,MSF-Phase2,Desal10,2022-05-23,27961
Al-Jubail,MSF-Phase2,Desal10,2022-05-24,28030
Al-Jubail,MSF-Phase2,Desal10,2022-05-25,28084
Al-Jubail,MSF-Phase2,Desal10,2022-05-26,28014
Al-Jubail,MSF-Phase2,Desal10,2022-05-27,27952
Al-Jubail,MSF-Phase2,Desal10,2022-05-28,27971
Al-Jubail,MSF-Phase2,Desal10,2022-05-29,23162
Al-Jubail,MSF-Phase2,Desal10,2022-05-30,0
Al-Jubail,MSF-Phase2,Desal10,2022-05-31,20127
Al-Jubail,MSF-Phase2,Desal11,2022-05-01,28651
Al-Jubail,MSF-Phase2,Desal11,2022-05-02,28473
Al-Jubail,MSF-Phase2,Desal11,2022-05-03,28436
Al-Jubail,MSF-Phase2,Desal11,2022-05-04,28334
Al-Jubail,MSF-Phase2,Desal11,2022-05-05,28180
Al-Jubail,MSF-Phase2,Desal11,2022-05-06,28301
Al-Jubail,MSF-Phase2,Desal11,2022-05-07,28274
Al-Jubail,MSF-Phase2,Desal11,2022-05-08,28481
Al-Jubail,MSF-Phase2,Desal11,2022-05-09,28552
Al-Jubail,MSF-Phase2,Desal11,2022-05-10,28565
Al-Jubail,MSF-Phase2,Desal11,2022-05-11,28725
Al-Jubail,MSF-Phase2,Desal11,2022-05-12,28946
Al-Jubail,MSF-Phase2,Desal11,2022-05-13,29081
Al-Jubail,MSF-Phase2,Desal11,2022-05-14,29155
Al-Jubail,MSF-Phase2,Desal11,2022-05-15,23699
Al-Jubail,MSF-Phase2,Desal11,2022-05-16,0
Al-Jubail,MSF-Phase2,Desal11,2022-05-17,0
Al-Jubail,MSF-Phase2,Desal11,2022-05-18,15459
Al-Jubail,MSF-Phase2,Desal11,2022-05-19,28928
Al-Jubail,MSF-Phase2,Desal11,2022-05-20,28878
Al-Jubail,MSF-Phase2,Desal11,2022-05-21,28768
Al-Jubail,MSF-Phase2,Desal11,2022-05-22,28853
Al-Jubail,MSF-Phase2,Desal11,2022-05-23,28969
Al-Jubail,MSF-Phase2,Desal11,2022-05-24,28905
Al-Jubail,MSF-Phase2,Desal11,2022-05-25,28872
Al-Jubail,MSF-Phase2,Desal11,2022-05-26,28832
Al-Jubail,MSF-Phase2,Desal11,2022-05-27,28742
Al-Jubail,MSF-Phase2,Desal11,2022-05-28,28680
Al-Jubail,MSF-Phase2,Desal11,2022-05-29,23800
Al-Jubail,MSF-Phase2,Desal11,2022-05-30,0
Al-Jubail,MSF-Phase2,Desal11,2022-05-31,23583
Al-Jubail,MSF-Phase2,Desal12,2022-05-01,26871
Al-Jubail,MSF-Phase2,Desal12,2022-05-02,27060
Al-Jubail,MSF-Phase2,Desal12,2022-05-03,27088
Al-Jubail,MSF-Phase2,Desal12,2022-05-04,26977
Al-Jubail,MSF-Phase2,Desal12,2022-05-05,26802
Al-Jubail,MSF-Phase2,Desal12,2022-05-06,26767
Al-Jubail,MSF-Phase2,Desal12,2022-05-07,26689
Al-Jubail,MSF-Phase2,Desal12,2022-05-08,27078
Al-Jubail,MSF-Phase2,Desal12,2022-05-09,27156
Al-Jubail,MSF-Phase2,Desal12,2022-05-10,27135
Al-Jubail,MSF-Phase2,Desal12,2022-05-11,27087
Al-Jubail,MSF-Phase2,Desal12,2022-05-12,27044
Al-Jubail,MSF-Phase2,Desal12,2022-05-13,27307
Al-Jubail,MSF-Phase2,Desal12,2022-05-14,27490
Al-Jubail,MSF-Phase2,Desal12,2022-05-15,21469
Al-Jubail,MSF-Phase2,Desal12,2022-05-16,0
Al-Jubail,MSF-Phase2,Desal12,2022-05-17,0
Al-Jubail,MSF-Phase2,Desal12,2022-05-18,10439
Al-Jubail,MSF-Phase2,Desal12,2022-05-19,27667
Al-Jubail,MSF-Phase2,Desal12,2022-05-20,27437
Al-Jubail,MSF-Phase2,Desal12,2022-05-21,27402
Al-Jubail,MSF-Phase2,Desal12,2022-05-22,27613
Al-Jubail,MSF-Phase2,Desal12,2022-05-23,27864
Al-Jubail,MSF-Phase2,Desal12,2022-05-24,27897
Al-Jubail,MSF-Phase2,Desal12,2022-05-25,27849
Al-Jubail,MSF-Phase2,Desal12,2022-05-26,27683
Al-Jubail,MSF-Phase2,Desal12,2022-05-27,27333
Al-Jubail,MSF-Phase2,Desal12,2022-05-28,27023
Al-Jubail,MSF-Phase2,Desal12,2022-05-29,21977
Al-Jubail,MSF-Phase2,Desal12,2022-05-30,0
Al-Jubail,MSF-Phase2,Desal12,2022-05-31,18153
Al-Jubail,MSF-Phase2,Desal13,2022-05-01,27266
Al-Jubail,MSF-Phase2,Desal13,2022-05-02,27262
Al-Jubail,MSF-Phase2,Desal13,2022-05-03,27246
Al-Jubail,MSF-Phase2,Desal13,2022-05-04,27381
Al-Jubail,MSF-Phase2,Desal13,2022-05-05,26194
Al-Jubail,MSF-Phase2,Desal13,2022-05-06,26974
Al-Jubail,MSF-Phase2,Desal13,2022-05-07,27153
Al-Jubail,MSF-Phase2,Desal13,2022-05-08,27420
Al-Jubail,MSF-Phase2,Desal13,2022-05-09,27538
Al-Jubail,MSF-Phase2,Desal13,2022-05-10,27365
Al-Jubail,MSF-Phase2,Desal13,2022-05-11,27609
Al-Jubail,MSF-Phase2,Desal13,2022-05-12,27283
Al-Jubail,MSF-Phase2,Desal13,2022-05-13,26939
Al-Jubail,MSF-Phase2,Desal13,2022-05-14,27384
Al-Jubail,MSF-Phase2,Desal13,2022-05-15,27218
Al-Jubail,MSF-Phase2,Desal13,2022-05-16,21579
Al-Jubail,MSF-Phase2,Desal13,2022-05-17,2609
Al-Jubail,MSF-Phase2,Desal13,2022-05-18,24650
Al-Jubail,MSF-Phase2,Desal13,2022-05-19,25383
Al-Jubail,MSF-Phase2,Desal13,2022-05-20,25575
Al-Jubail,MSF-Phase2,Desal13,2022-05-21,27257
Al-Jubail,MSF-Phase2,Desal13,2022-05-22,27211
Al-Jubail,MSF-Phase2,Desal13,2022-05-23,27352
Al-Jubail,MSF-Phase2,Desal13,2022-05-24,27155
Al-Jubail,MSF-Phase2,Desal13,2022-05-25,27040
Al-Jubail,MSF-Phase2,Desal13,2022-05-26,26935
Al-Jubail,MSF-Phase2,Desal13,2022-05-27,26731
Al-Jubail,MSF-Phase2,Desal13,2022-05-28,26708
Al-Jubail,MSF-Phase2,Desal13,2022-05-29,17184
Al-Jubail,MSF-Phase2,Desal13,2022-05-30,5037
Al-Jubail,MSF-Phase2,Desal13,2022-05-31,24685
Al-Jubail,MSF-Phase2,Desal14,2022-05-01,26051
Al-Jubail,MSF-Phase2,Desal14,2022-05-02,25430
Al-Jubail,MSF-Phase2,Desal14,2022-05-03,25692
Al-Jubail,MSF-Phase2,Desal14,2022-05-04,25933
Al-Jubail,MSF-Phase2,Desal14,2022-05-05,25882
Al-Jubail,MSF-Phase2,Desal14,2022-05-06,25845
Al-Jubail,MSF-Phase2,Desal14,2022-05-07,25839
Al-Jubail,MSF-Phase2,Desal14,2022-05-08,25768
Al-Jubail,MSF-Phase2,Desal14,2022-05-09,25470
Al-Jubail,MSF-Phase2,Desal14,2022-05-10,25414
Al-Jubail,MSF-Phase2,Desal14,2022-05-11,25658
Al-Jubail,MSF-Phase2,Desal14,2022-05-12,25141
Al-Jubail,MSF-Phase2,Desal14,2022-05-13,25324
Al-Jubail,MSF-Phase2,Desal14,2022-05-14,26066
Al-Jubail,MSF-Phase2,Desal14,2022-05-15,25857
Al-Jubail,MSF-Phase2,Desal14,2022-05-16,20700
Al-Jubail,MSF-Phase2,Desal14,2022-05-17,5128
Al-Jubail,MSF-Phase2,Desal14,2022-05-18,22891
Al-Jubail,MSF-Phase2,Desal14,2022-05-19,23558
Al-Jubail,MSF-Phase2,Desal14,2022-05-20,23598
Al-Jubail,MSF-Phase2,Desal14,2022-05-21,24044
Al-Jubail,MSF-Phase2,Desal14,2022-05-22,24150
Al-Jubail,MSF-Phase2,Desal14,2022-05-23,24595
Al-Jubail,MSF-Phase2,Desal14,2022-05-24,24509
Al-Jubail,MSF-Phase2,Desal14,2022-05-25,24239
Al-Jubail,MSF-Phase2,Desal14,2022-05-26,24140
Al-Jubail,MSF-Phase2,Desal14,2022-05-27,23971
Al-Jubail,MSF-Phase2,Desal14,2022-05-28,24029
Al-Jubail,MSF-Phase2,Desal14,2022-05-29,15837
Al-Jubail,MSF-Phase2,Desal14,2022-05-30,9772
Al-Jubail,MSF-Phase2,Desal14,2022-05-31,23835
Al-Jubail,MSF-Phase2,Desal15,2022-05-01,26004
Al-Jubail,MSF-Phase2,Desal15,2022-05-02,25783
Al-Jubail,MSF-Phase2,Desal15,2022-05-03,25857
Al-Jubail,MSF-Phase2,Desal15,2022-05-04,25938
Al-Jubail,MSF-Phase2,Desal15,2022-05-05,25972
Al-Jubail,MSF-Phase2,Desal15,2022-05-06,25869
Al-Jubail,MSF-Phase2,Desal15,2022-05-07,26233
Al-Jubail,MSF-Phase2,Desal15,2022-05-08,26248
Al-Jubail,MSF-Phase2,Desal15,2022-05-09,26082
Al-Jubail,MSF-Phase2,Desal15,2022-05-10,25945
Al-Jubail,MSF-Phase2,Desal15,2022-05-11,26202
Al-Jubail,MSF-Phase2,Desal15,2022-05-12,26211
Al-Jubail,MSF-Phase2,Desal15,2022-05-13,25966
Al-Jubail,MSF-Phase2,Desal15,2022-05-14,26208
Al-Jubail,MSF-Phase2,Desal15,2022-05-15,26011
Al-Jubail,MSF-Phase2,Desal15,2022-05-16,20855
Al-Jubail,MSF-Phase2,Desal15,2022-05-17,6534
Al-Jubail,MSF-Phase2,Desal15,2022-05-18,25026
Al-Jubail,MSF-Phase2,Desal15,2022-05-19,25129
Al-Jubail,MSF-Phase2,Desal15,2022-05-20,24931
Al-Jubail,MSF-Phase2,Desal15,2022-05-21,25562
Al-Jubail,MSF-Phase2,Desal15,2022-05-22,25478
Al-Jubail,MSF-Phase2,Desal15,2022-05-23,25708
Al-Jubail,MSF-Phase2,Desal15,2022-05-24,25233
Al-Jubail,MSF-Phase2,Desal15,2022-05-25,25094
Al-Jubail,MSF-Phase2,Desal15,2022-05-26,25081
Al-Jubail,MSF-Phase2,Desal15,2022-05-27,24900
Al-Jubail,MSF-Phase2,Desal15,2022-05-28,24992
Al-Jubail,MSF-Phase2,Desal15,2022-05-29,16382
Al-Jubail,MSF-Phase2,Desal15,2022-05-30,9602
Al-Jubail,MSF-Phase2,Desal15,2022-05-31,23582
Al-Jubail,MSF-Phase2,Desal16,2022-05-01,26210
Al-Jubail,MSF-Phase2,Desal16,2022-05-02,26613
Al-Jubail,MSF-Phase2,Desal16,2022-05-03,26614
Al-Jubail,MSF-Phase2,Desal16,2022-05-04,26387
Al-Jubail,MSF-Phase2,Desal16,2022-05-05,26632
Al-Jubail,MSF-Phase2,Desal16,2022-05-06,26497
Al-Jubail,MSF-Phase2,Desal16,2022-05-07,26440
Al-Jubail,MSF-Phase2,Desal16,2022-05-08,26278
Al-Jubail,MSF-Phase2,Desal16,2022-05-09,26359
Al-Jubail,MSF-Phase2,Desal16,2022-05-10,26215
Al-Jubail,MSF-Phase2,Desal16,2022-05-11,26323
Al-Jubail,MSF-Phase2,Desal16,2022-05-12,26292
Al-Jubail,MSF-Phase2,Desal16,2022-05-13,26028
Al-Jubail,MSF-Phase2,Desal16,2022-05-14,26407
Al-Jubail,MSF-Phase2,Desal16,2022-05-15,26078
Al-Jubail,MSF-Phase2,Desal16,2022-05-16,21428
Al-Jubail,MSF-Phase2,Desal16,2022-05-17,418
Al-Jubail,MSF-Phase2,Desal16,2022-05-18,22217
Al-Jubail,MSF-Phase2,Desal16,2022-05-19,25248
Al-Jubail,MSF-Phase2,Desal16,2022-05-20,25191
Al-Jubail,MSF-Phase2,Desal16,2022-05-21,25533
Al-Jubail,MSF-Phase2,Desal16,2022-05-22,25462
Al-Jubail,MSF-Phase2,Desal16,2022-05-23,25631
Al-Jubail,MSF-Phase2,Desal16,2022-05-24,25545
Al-Jubail,MSF-Phase2,Desal16,2022-05-25,25330
Al-Jubail,MSF-Phase2,Desal16,2022-05-26,25344
Al-Jubail,MSF-Phase2,Desal16,2022-05-27,25525
Al-Jubail,MSF-Phase2,Desal16,2022-05-28,25635
Al-Jubail,MSF-Phase2,Desal16,2022-05-29,17360
Al-Jubail,MSF-Phase2,Desal16,2022-05-30,12086
Al-Jubail,MSF-Phase2,Desal16,2022-05-31,23826
Al-Jubail,MSF-Phase2,Desal17,2022-05-01,28153
Al-Jubail,MSF-Phase2,Desal17,2022-05-02,28033
Al-Jubail,MSF-Phase2,Desal17,2022-05-03,27985
Al-Jubail,MSF-Phase2,Desal17,2022-05-04,27515
Al-Jubail,MSF-Phase2,Desal17,2022-05-05,27598
Al-Jubail,MSF-Phase2,Desal17,2022-05-06,27412
Al-Jubail,MSF-Phase2,Desal17,2022-05-07,27686
Al-Jubail,MSF-Phase2,Desal17,2022-05-08,27748
Al-Jubail,MSF-Phase2,Desal17,2022-05-09,27329
Al-Jubail,MSF-Phase2,Desal17,2022-05-10,27322
Al-Jubail,MSF-Phase2,Desal17,2022-05-11,27623
Al-Jubail,MSF-Phase2,Desal17,2022-05-12,27651
Al-Jubail,MSF-Phase2,Desal17,2022-05-13,27581
Al-Jubail,MSF-Phase2,Desal17,2022-05-14,27679
Al-Jubail,MSF-Phase2,Desal17,2022-05-15,28069
Al-Jubail,MSF-Phase2,Desal17,2022-05-16,28415
Al-Jubail,MSF-Phase2,Desal17,2022-05-17,27769
Al-Jubail,MSF-Phase2,Desal17,2022-05-18,27097
Al-Jubail,MSF-Phase2,Desal17,2022-05-19,28009
Al-Jubail,MSF-Phase2,Desal17,2022-05-20,27185
Al-Jubail,MSF-Phase2,Desal17,2022-05-21,28466
Al-Jubail,MSF-Phase2,Desal17,2022-05-22,28366
Al-Jubail,MSF-Phase2,Desal17,2022-05-23,28555
Al-Jubail,MSF-Phase2,Desal17,2022-05-24,28573
Al-Jubail,MSF-Phase2,Desal17,2022-05-25,28905
Al-Jubail,MSF-Phase2,Desal17,2022-05-26,28943
Al-Jubail,MSF-Phase2,Desal17,2022-05-27,28695
Al-Jubail,MSF-Phase2,Desal17,2022-05-28,28781
Al-Jubail,MSF-Phase2,Desal17,2022-05-29,28137
Al-Jubail,MSF-Phase2,Desal17,2022-05-30,26868
Al-Jubail,MSF-Phase2,Desal17,2022-05-31,27030
Al-Jubail,MSF-Phase2,Desal18,2022-05-01,27243
Al-Jubail,MSF-Phase2,Desal18,2022-05-02,27489
Al-Jubail,MSF-Phase2,Desal18,2022-05-03,27339
Al-Jubail,MSF-Phase2,Desal18,2022-05-04,26805
Al-Jubail,MSF-Phase2,Desal18,2022-05-05,26251
Al-Jubail,MSF-Phase2,Desal18,2022-05-06,26153
Al-Jubail,MSF-Phase2,Desal18,2022-05-07,26712
Al-Jubail,MSF-Phase2,Desal18,2022-05-08,27404
Al-Jubail,MSF-Phase2,Desal18,2022-05-09,27534
Al-Jubail,MSF-Phase2,Desal18,2022-05-10,27351
Al-Jubail,MSF-Phase2,Desal18,2022-05-11,27492
Al-Jubail,MSF-Phase2,Desal18,2022-05-12,27389
Al-Jubail,MSF-Phase2,Desal18,2022-05-13,27308
Al-Jubail,MSF-Phase2,Desal18,2022-05-14,27246
Al-Jubail,MSF-Phase2,Desal18,2022-05-15,26989
Al-Jubail,MSF-Phase2,Desal18,2022-05-16,27645
Al-Jubail,MSF-Phase2,Desal18,2022-05-17,27482
Al-Jubail,MSF-Phase2,Desal18,2022-05-18,26767
Al-Jubail,MSF-Phase2,Desal18,2022-05-19,27960
Al-Jubail,MSF-Phase2,Desal18,2022-05-20,27067
Al-Jubail,MSF-Phase2,Desal18,2022-05-21,27994
Al-Jubail,MSF-Phase2,Desal18,2022-05-22,27877
Al-Jubail,MSF-Phase2,Desal18,2022-05-23,28050
Al-Jubail,MSF-Phase2,Desal18,2022-05-24,27949
Al-Jubail,MSF-Phase2,Desal18,2022-05-25,28065
Al-Jubail,MSF-Phase2,Desal18,2022-05-26,28000
Al-Jubail,MSF-Phase2,Desal18,2022-05-27,27768
Al-Jubail,MSF-Phase2,Desal18,2022-05-28,28286
Al-Jubail,MSF-Phase2,Desal18,2022-05-29,27465
Al-Jubail,MSF-Phase2,Desal18,2022-05-30,27620
Al-Jubail,MSF-Phase2,Desal18,2022-05-31,27703
Al-Jubail,MSF-Phase2,Desal19,2022-05-01,26351
Al-Jubail,MSF-Phase2,Desal19,2022-05-02,26624
Al-Jubail,MSF-Phase2,Desal19,2022-05-03,26649
Al-Jubail,MSF-Phase2,Desal19,2022-05-04,26209
Al-Jubail,MSF-Phase2,Desal19,2022-05-05,26228
Al-Jubail,MSF-Phase2,Desal19,2022-05-06,26205
Al-Jubail,MSF-Phase2,Desal19,2022-05-07,26349
Al-Jubail,MSF-Phase2,Desal19,2022-05-08,26626
Al-Jubail,MSF-Phase2,Desal19,2022-05-09,26755
Al-Jubail,MSF-Phase2,Desal19,2022-05-10,26748
Al-Jubail,MSF-Phase2,Desal19,2022-05-11,26441
Al-Jubail,MSF-Phase2,Desal19,2022-05-12,26307
Al-Jubail,MSF-Phase2,Desal19,2022-05-13,26286
Al-Jubail,MSF-Phase2,Desal19,2022-05-14,26374
Al-Jubail,MSF-Phase2,Desal19,2022-05-15,26560
Al-Jubail,MSF-Phase2,Desal19,2022-05-16,26655
Al-Jubail,MSF-Phase2,Desal19,2022-05-17,25823
Al-Jubail,MSF-Phase2,Desal19,2022-05-18,25215
Al-Jubail,MSF-Phase2,Desal19,2022-05-19,26961
Al-Jubail,MSF-Phase2,Desal19,2022-05-20,26057
Al-Jubail,MSF-Phase2,Desal19,2022-05-21,26781
Al-Jubail,MSF-Phase2,Desal19,2022-05-22,26736
Al-Jubail,MSF-Phase2,Desal19,2022-05-23,26875
Al-Jubail,MSF-Phase2,Desal19,2022-05-24,26655
Al-Jubail,MSF-Phase2,Desal19,2022-05-25,26713
Al-Jubail,MSF-Phase2,Desal19,2022-05-26,26672
Al-Jubail,MSF-Phase2,Desal19,2022-05-27,26393
Al-Jubail,MSF-Phase2,Desal19,2022-05-28,26314
Al-Jubail,MSF-Phase2,Desal19,2022-05-29,26007
Al-Jubail,MSF-Phase2,Desal19,2022-05-30,26165
Al-Jubail,MSF-Phase2,Desal19,2022-05-31,25905
Al-Jubail,MSF-Phase2,Desal20,2022-05-01,24761
Al-Jubail,MSF-Phase2,Desal20,2022-05-02,24841
Al-Jubail,MSF-Phase2,Desal20,2022-05-03,24573
Al-Jubail,MSF-Phase2,Desal20,2022-05-04,24226
Al-Jubail,MSF-Phase2,Desal20,2022-05-05,24095
Al-Jubail,MSF-Phase2,Desal20,2022-05-06,23694
Al-Jubail,MSF-Phase2,Desal20,2022-05-07,24176
Al-Jubail,MSF-Phase2,Desal20,2022-05-08,24551
Al-Jubail,MSF-Phase2,Desal20,2022-05-09,24635
Al-Jubail,MSF-Phase2,Desal20,2022-05-10,24620
Al-Jubail,MSF-Phase2,Desal20,2022-05-11,24881
Al-Jubail,MSF-Phase2,Desal20,2022-05-12,24727
Al-Jubail,MSF-Phase2,Desal20,2022-05-13,24667
Al-Jubail,MSF-Phase2,Desal20,2022-05-14,24669
Al-Jubail,MSF-Phase2,Desal20,2022-05-15,24466
Al-Jubail,MSF-Phase2,Desal20,2022-05-16,23477
Al-Jubail,MSF-Phase2,Desal20,2022-05-17,18321
Al-Jubail,MSF-Phase2,Desal20,2022-05-18,23823
Al-Jubail,MSF-Phase2,Desal20,2022-05-19,24318
Al-Jubail,MSF-Phase2,Desal20,2022-05-20,23201
Al-Jubail,MSF-Phase2,Desal20,2022-05-21,23629
Al-Jubail,MSF-Phase2,Desal20,2022-05-22,24054
Al-Jubail,MSF-Phase2,Desal20,2022-05-23,24118
Al-Jubail,MSF-Phase2,Desal20,2022-05-24,23773
Al-Jubail,MSF-Phase2,Desal20,2022-05-25,23932
Al-Jubail,MSF-Phase2,Desal20,2022-05-26,24072
Al-Jubail,MSF-Phase2,Desal20,2022-05-27,24135
Al-Jubail,MSF-Phase2,Desal20,2022-05-28,24170
Al-Jubail,MSF-Phase2,Desal20,2022-05-29,23388
Al-Jubail,MSF-Phase2,Desal20,2022-05-30,18948
Al-Jubail,MSF-Phase2,Desal20,2022-05-31,17500
Al-Jubail,MSF-Phase2,Desal21,2022-05-01,25190
Al-Jubail,MSF-Phase2,Desal21,2022-05-02,24959
Al-Jubail,MSF-Phase2,Desal21,2022-05-03,25039
Al-Jubail,MSF-Phase2,Desal21,2022-05-04,24842
Al-Jubail,MSF-Phase2,Desal21,2022-05-05,24717
Al-Jubail,MSF-Phase2,Desal21,2022-05-06,24590
Al-Jubail,MSF-Phase2,Desal21,2022-05-07,24568
Al-Jubail,MSF-Phase2,Desal21,2022-05-08,24791
Al-Jubail,MSF-Phase2,Desal21,2022-05-09,24933
Al-Jubail,MSF-Phase2,Desal21,2022-05-10,25157
Al-Jubail,MSF-Phase2,Desal21,2022-05-11,25626
Al-Jubail,MSF-Phase2,Desal21,2022-05-12,25524
Al-Jubail,MSF-Phase2,Desal21,2022-05-13,25271
Al-Jubail,MSF-Phase2,Desal21,2022-05-14,25240
Al-Jubail,MSF-Phase2,Desal21,2022-05-15,25038
Al-Jubail,MSF-Phase2,Desal21,2022-05-16,25266
Al-Jubail,MSF-Phase2,Desal21,2022-05-17,25091
Al-Jubail,MSF-Phase2,Desal21,2022-05-18,25162
Al-Jubail,MSF-Phase2,Desal21,2022-05-19,25123
Al-Jubail,MSF-Phase2,Desal21,2022-05-20,25056
Al-Jubail,MSF-Phase2,Desal21,2022-05-21,25018
Al-Jubail,MSF-Phase2,Desal21,2022-05-22,25039
Al-Jubail,MSF-Phase2,Desal21,2022-05-23,25864
Al-Jubail,MSF-Phase2,Desal21,2022-05-24,26080
Al-Jubail,MSF-Phase2,Desal21,2022-05-25,25673
Al-Jubail,MSF-Phase2,Desal21,2022-05-26,25545
Al-Jubail,MSF-Phase2,Desal21,2022-05-27,25431
Al-Jubail,MSF-Phase2,Desal21,2022-05-28,25422
Al-Jubail,MSF-Phase2,Desal21,2022-05-29,25573
Al-Jubail,MSF-Phase2,Desal21,2022-05-30,25459
Al-Jubail,MSF-Phase2,Desal21,2022-05-31,25570
Al-Jubail,MSF-Phase2,Desal22,2022-05-01,27297
Al-Jubail,MSF-Phase2,Desal22,2022-05-02,27150
Al-Jubail,MSF-Phase2,Desal22,2022-05-03,27138
Al-Jubail,MSF-Phase2,Desal22,2022-05-04,26997
Al-Jubail,MSF-Phase2,Desal22,2022-05-05,26887
Al-Jubail,MSF-Phase2,Desal22,2022-05-06,26718
Al-Jubail,MSF-Phase2,Desal22,2022-05-07,26685
Al-Jubail,MSF-Phase2,Desal22,2022-05-08,26938
Al-Jubail,MSF-Phase2,Desal22,2022-05-09,27156
Al-Jubail,MSF-Phase2,Desal22,2022-05-10,27117
Al-Jubail,MSF-Phase2,Desal22,2022-05-11,27061
Al-Jubail,MSF-Phase2,Desal22,2022-05-12,26978
Al-Jubail,MSF-Phase2,Desal22,2022-05-13,26908
Al-Jubail,MSF-Phase2,Desal22,2022-05-14,27039
Al-Jubail,MSF-Phase2,Desal22,2022-05-15,27363
Al-Jubail,MSF-Phase2,Desal22,2022-05-16,27278
Al-Jubail,MSF-Phase2,Desal22,2022-05-17,27278
Al-Jubail,MSF-Phase2,Desal22,2022-05-18,27462
Al-Jubail,MSF-Phase2,Desal22,2022-05-19,27391
Al-Jubail,MSF-Phase2,Desal22,2022-05-20,27266
Al-Jubail,MSF-Phase2,Desal22,2022-05-21,27249
Al-Jubail,MSF-Phase2,Desal22,2022-05-22,27283
Al-Jubail,MSF-Phase2,Desal22,2022-05-23,28514
Al-Jubail,MSF-Phase2,Desal22,2022-05-24,29168
Al-Jubail,MSF-Phase2,Desal22,2022-05-25,29296
Al-Jubail,MSF-Phase2,Desal22,2022-05-26,29246
Al-Jubail,MSF-Phase2,Desal22,2022-05-27,29101
Al-Jubail,MSF-Phase2,Desal22,2022-05-28,28933
Al-Jubail,MSF-Phase2,Desal22,2022-05-29,28776
Al-Jubail,MSF-Phase2,Desal22,2022-05-30,28318
Al-Jubail,MSF-Phase2,Desal22,2022-05-31,28246
Al-Jubail,MSF-Phase2,Desal23,2022-05-01,24363
Al-Jubail,MSF-Phase2,Desal23,2022-05-02,28102
Al-Jubail,MSF-Phase2,Desal23,2022-05-03,28043
Al-Jubail,MSF-Phase2,Desal23,2022-05-04,27915
Al-Jubail,MSF-Phase2,Desal23,2022-05-05,27823
Al-Jubail,MSF-Phase2,Desal23,2022-05-06,27804
Al-Jubail,MSF-Phase2,Desal23,2022-05-07,27737
Al-Jubail,MSF-Phase2,Desal23,2022-05-08,27974
Al-Jubail,MSF-Phase2,Desal23,2022-05-09,28089
Al-Jubail,MSF-Phase2,Desal23,2022-05-10,28037
Al-Jubail,MSF-Phase2,Desal23,2022-05-11,28053
Al-Jubail,MSF-Phase2,Desal23,2022-05-12,27884
Al-Jubail,MSF-Phase2,Desal23,2022-05-13,27893
Al-Jubail,MSF-Phase2,Desal23,2022-05-14,27955
Al-Jubail,MSF-Phase2,Desal23,2022-05-15,28028
Al-Jubail,MSF-Phase2,Desal23,2022-05-16,27803
Al-Jubail,MSF-Phase2,Desal23,2022-05-17,27771
Al-Jubail,MSF-Phase2,Desal23,2022-05-18,27572
Al-Jubail,MSF-Phase2,Desal23,2022-05-19,27527
Al-Jubail,MSF-Phase2,Desal23,2022-05-20,27442
Al-Jubail,MSF-Phase2,Desal23,2022-05-21,27315
Al-Jubail,MSF-Phase2,Desal23,2022-05-22,27206
Al-Jubail,MSF-Phase2,Desal23,2022-05-23,27205
Al-Jubail,MSF-Phase2,Desal23,2022-05-24,27306
Al-Jubail,MSF-Phase2,Desal23,2022-05-25,27211
Al-Jubail,MSF-Phase2,Desal23,2022-05-26,27136
Al-Jubail,MSF-Phase2,Desal23,2022-05-27,27057
Al-Jubail,MSF-Phase2,Desal23,2022-05-28,26906
Al-Jubail,MSF-Phase2,Desal23,2022-05-29,26855
Al-Jubail,MSF-Phase2,Desal23,2022-05-30,26746
Al-Jubail,MSF-Phase2,Desal23,2022-05-31,26636
Al-Jubail,MSF-Phase2,Desal24,2022-05-01,25340
Al-Jubail,MSF-Phase2,Desal24,2022-05-02,24793
Al-Jubail,MSF-Phase2,Desal24,2022-05-03,24771
Al-Jubail,MSF-Phase2,Desal24,2022-05-04,24714
Al-Jubail,MSF-Phase2,Desal24,2022-05-05,24613
Al-Jubail,MSF-Phase2,Desal24,2022-05-06,24392
Al-Jubail,MSF-Phase2,Desal24,2022-05-07,24310
Al-Jubail,MSF-Phase2,Desal24,2022-05-08,24531
Al-Jubail,MSF-Phase2,Desal24,2022-05-09,24693
Al-Jubail,MSF-Phase2,Desal24,2022-05-10,24707
Al-Jubail,MSF-Phase2,Desal24,2022-05-11,24654
Al-Jubail,MSF-Phase2,Desal24,2022-05-12,24474
Al-Jubail,MSF-Phase2,Desal24,2022-05-13,24490
Al-Jubail,MSF-Phase2,Desal24,2022-05-14,24629
Al-Jubail,MSF-Phase2,Desal24,2022-05-15,24712
Al-Jubail,MSF-Phase2,Desal24,2022-05-16,24586
Al-Jubail,MSF-Phase2,Desal24,2022-05-17,24585
Al-Jubail,MSF-Phase2,Desal24,2022-05-18,24640
Al-Jubail,MSF-Phase2,Desal24,2022-05-19,24769
Al-Jubail,MSF-Phase2,Desal24,2022-05-20,24809
Al-Jubail,MSF-Phase2,Desal24,2022-05-21,24976
Al-Jubail,MSF-Phase2,Desal24,2022-05-22,24876
Al-Jubail,MSF-Phase2,Desal24,2022-05-23,24946
Al-Jubail,MSF-Phase2,Desal24,2022-05-24,24973
Al-Jubail,MSF-Phase2,Desal24,2022-05-25,24988
Al-Jubail,MSF-Phase2,Desal24,2022-05-26,24964
Al-Jubail,MSF-Phase2,Desal24,2022-05-27,24791
Al-Jubail,MSF-Phase2,Desal24,2022-05-28,24709
Al-Jubail,MSF-Phase2,Desal24,2022-05-29,24660
Al-Jubail,MSF-Phase2,Desal24,2022-05-30,24565
Al-Jubail,MSF-Phase2,Desal24,2022-05-31,24465
Al-Jubail,MSF-Phase2,Desal25,2022-05-01,18901
Al-Jubail,MSF-Phase2,Desal25,2022-05-02,20142
Al-Jubail,MSF-Phase2,Desal25,2022-05-03,573
Al-Jubail,MSF-Phase2,Desal25,2022-05-04,0
Al-Jubail,MSF-Phase2,Desal25,2022-05-05,6514
Al-Jubail,MSF-Phase2,Desal25,2022-05-06,26165
Al-Jubail,MSF-Phase2,Desal25,2022-05-07,27507
Al-Jubail,MSF-Phase2,Desal25,2022-05-08,9662
Al-Jubail,MSF-Phase2,Desal25,2022-05-09,25355
Al-Jubail,MSF-Phase2,Desal25,2022-05-10,26567
Al-Jubail,MSF-Phase2,Desal25,2022-05-11,26707
Al-Jubail,MSF-Phase2,Desal25,2022-05-12,26651
Al-Jubail,MSF-Phase2,Desal25,2022-05-13,26627
Al-Jubail,MSF-Phase2,Desal25,2022-05-14,26692
Al-Jubail,MSF-Phase2,Desal25,2022-05-15,26744
Al-Jubail,MSF-Phase2,Desal25,2022-05-16,26497
Al-Jubail,MSF-Phase2,Desal25,2022-05-17,26272
Al-Jubail,MSF-Phase2,Desal25,2022-05-18,26325
Al-Jubail,MSF-Phase2,Desal25,2022-05-19,26333
Al-Jubail,MSF-Phase2,Desal25,2022-05-20,26191
Al-Jubail,MSF-Phase2,Desal25,2022-05-21,26111
Al-Jubail,MSF-Phase2,Desal25,2022-05-22,25960
Al-Jubail,MSF-Phase2,Desal25,2022-05-23,26117
Al-Jubail,MSF-Phase2,Desal25,2022-05-24,26095
Al-Jubail,MSF-Phase2,Desal25,2022-05-25,25941
Al-Jubail,MSF-Phase2,Desal25,2022-05-26,25891
Al-Jubail,MSF-Phase2,Desal25,2022-05-27,25705
Al-Jubail,MSF-Phase2,Desal25,2022-05-28,25701
Al-Jubail,MSF-Phase2,Desal25,2022-05-29,25674
Al-Jubail,MSF-Phase2,Desal25,2022-05-30,23364
Al-Jubail,MSF-Phase2,Desal25,2022-05-31,25991
Al-Jubail,MSF-Phase2,Desal26,2022-05-01,24537
Al-Jubail,MSF-Phase2,Desal26,2022-05-02,24491
Al-Jubail,MSF-Phase2,Desal26,2022-05-03,24422
Al-Jubail,MSF-Phase2,Desal26,2022-05-04,24435
Al-Jubail,MSF-Phase2,Desal26,2022-05-05,24323
Al-Jubail,MSF-Phase2,Desal26,2022-05-06,24308
Al-Jubail,MSF-Phase2,Desal26,2022-05-07,24329
Al-Jubail,MSF-Phase2,Desal26,2022-05-08,24436
Al-Jubail,MSF-Phase2,Desal26,2022-05-09,24260
Al-Jubail,MSF-Phase2,Desal26,2022-05-10,24320
Al-Jubail,MSF-Phase2,Desal26,2022-05-11,24189
Al-Jubail,MSF-Phase2,Desal26,2022-05-12,24171
Al-Jubail,MSF-Phase2,Desal26,2022-05-13,24169
Al-Jubail,MSF-Phase2,Desal26,2022-05-14,24143
Al-Jubail,MSF-Phase2,Desal26,2022-05-15,26250
Al-Jubail,MSF-Phase2,Desal26,2022-05-16,27272
Al-Jubail,MSF-Phase2,Desal26,2022-05-17,27310
Al-Jubail,MSF-Phase2,Desal26,2022-05-18,27612
Al-Jubail,MSF-Phase2,Desal26,2022-05-19,27957
Al-Jubail,MSF-Phase2,Desal26,2022-05-20,28029
Al-Jubail,MSF-Phase2,Desal26,2022-05-21,28040
Al-Jubail,MSF-Phase2,Desal26,2022-05-22,27017
Al-Jubail,MSF-Phase2,Desal26,2022-05-23,26073
Al-Jubail,MSF-Phase2,Desal26,2022-05-24,26066
Al-Jubail,MSF-Phase2,Desal26,2022-05-25,26087
Al-Jubail,MSF-Phase2,Desal26,2022-05-26,25342
Al-Jubail,MSF-Phase2,Desal26,2022-05-27,24797
Al-Jubail,MSF-Phase2,Desal26,2022-05-28,24760
Al-Jubail,MSF-Phase2,Desal26,2022-05-29,24805
Al-Jubail,MSF-Phase2,Desal26,2022-05-30,24954
Al-Jubail,MSF-Phase2,Desal26,2022-05-31,24886
Al-Jubail,MSF-Phase2,Desal27,2022-05-01,25799
Al-Jubail,MSF-Phase2,Desal27,2022-05-02,25394
Al-Jubail,MSF-Phase2,Desal27,2022-05-03,26190
Al-Jubail,MSF-Phase2,Desal27,2022-05-04,26546
Al-Jubail,MSF-Phase2,Desal27,2022-05-05,26448
Al-Jubail,MSF-Phase2,Desal27,2022-05-06,26306
Al-Jubail,MSF-Phase2,Desal27,2022-05-07,26260
Al-Jubail,MSF-Phase2,Desal27,2022-05-08,26667
Al-Jubail,MSF-Phase2,Desal27,2022-05-09,26768
Al-Jubail,MSF-Phase2,Desal27,2022-05-10,26351
Al-Jubail,MSF-Phase2,Desal27,2022-05-11,26143
Al-Jubail,MSF-Phase2,Desal27,2022-05-12,25937
Al-Jubail,MSF-Phase2,Desal27,2022-05-13,25884
Al-Jubail,MSF-Phase2,Desal27,2022-05-14,25505
Al-Jubail,MSF-Phase2,Desal27,2022-05-15,25686
Al-Jubail,MSF-Phase2,Desal27,2022-05-16,25403
Al-Jubail,MSF-Phase2,Desal27,2022-05-17,25277
Al-Jubail,MSF-Phase2,Desal27,2022-05-18,25305
Al-Jubail,MSF-Phase2,Desal27,2022-05-19,25563
Al-Jubail,MSF-Phase2,Desal27,2022-05-20,25424
Al-Jubail,MSF-Phase2,Desal27,2022-05-21,25366
Al-Jubail,MSF-Phase2,Desal27,2022-05-22,25326
Al-Jubail,MSF-Phase2,Desal27,2022-05-23,25463
Al-Jubail,MSF-Phase2,Desal27,2022-05-24,25642
Al-Jubail,MSF-Phase2,Desal27,2022-05-25,25767
Al-Jubail,MSF-Phase2,Desal27,2022-05-26,25692
Al-Jubail,MSF-Phase2,Desal27,2022-05-27,25586
Al-Jubail,MSF-Phase2,Desal27,2022-05-28,25494
Al-Jubail,MSF-Phase2,Desal27,2022-05-29,25424
Al-Jubail,MSF-Phase2,Desal27,2022-05-30,25432
Al-Jubail,MSF-Phase2,Desal27,2022-05-31,25306
Al-Jubail,MSF-Phase2,Desal28,2022-05-01,25523
Al-Jubail,MSF-Phase2,Desal28,2022-05-02,25396
Al-Jubail,MSF-Phase2,Desal28,2022-05-03,25470
Al-Jubail,MSF-Phase2,Desal28,2022-05-04,25325
Al-Jubail,MSF-Phase2,Desal28,2022-05-05,25278
Al-Jubail,MSF-Phase2,Desal28,2022-05-06,25154
Al-Jubail,MSF-Phase2,Desal28,2022-05-07,25204
Al-Jubail,MSF-Phase2,Desal28,2022-05-08,25620
Al-Jubail,MSF-Phase2,Desal28,2022-05-09,25679
Al-Jubail,MSF-Phase2,Desal28,2022-05-10,25627
Al-Jubail,MSF-Phase2,Desal28,2022-05-11,25544
Al-Jubail,MSF-Phase2,Desal28,2022-05-12,25618
Al-Jubail,MSF-Phase2,Desal28,2022-05-13,25658
Al-Jubail,MSF-Phase2,Desal28,2022-05-14,25828
Al-Jubail,MSF-Phase2,Desal28,2022-05-15,25923
Al-Jubail,MSF-Phase2,Desal28,2022-05-16,25705
Al-Jubail,MSF-Phase2,Desal28,2022-05-17,25591
Al-Jubail,MSF-Phase2,Desal28,2022-05-18,25562
Al-Jubail,MSF-Phase2,Desal28,2022-05-19,25512
Al-Jubail,MSF-Phase2,Desal28,2022-05-20,25440
Al-Jubail,MSF-Phase2,Desal28,2022-05-21,25398
Al-Jubail,MSF-Phase2,Desal28,2022-05-22,25361
Al-Jubail,MSF-Phase2,Desal28,2022-05-23,25456
Al-Jubail,MSF-Phase2,Desal28,2022-05-24,25464
Al-Jubail,MSF-Phase2,Desal28,2022-05-25,25783
Al-Jubail,MSF-Phase2,Desal28,2022-05-26,25462
Al-Jubail,MSF-Phase2,Desal28,2022-05-27,25349
Al-Jubail,MSF-Phase2,Desal28,2022-05-28,25328
Al-Jubail,MSF-Phase2,Desal28,2022-05-29,25284
Al-Jubail,MSF-Phase2,Desal28,2022-05-30,25317
Al-Jubail,MSF-Phase2,Desal28,2022-05-31,25524
Al-Jubail,MSF-Phase2,Desal29,2022-05-01,28388
Al-Jubail,MSF-Phase2,Desal29,2022-05-02,28008
Al-Jubail,MSF-Phase2,Desal29,2022-05-03,28392
Al-Jubail,MSF-Phase2,Desal29,2022-05-04,28436
Al-Jubail,MSF-Phase2,Desal29,2022-05-05,28228
Al-Jubail,MSF-Phase2,Desal29,2022-05-06,28184
Al-Jubail,MSF-Phase2,Desal29,2022-05-07,27655
Al-Jubail,MSF-Phase2,Desal29,2022-05-08,28185
Al-Jubail,MSF-Phase2,Desal29,2022-05-09,28530
Al-Jubail,MSF-Phase2,Desal29,2022-05-10,27764
Al-Jubail,MSF-Phase2,Desal29,2022-05-11,27618
Al-Jubail,MSF-Phase2,Desal29,2022-05-12,27656
Al-Jubail,MSF-Phase2,Desal29,2022-05-13,27930
Al-Jubail,MSF-Phase2,Desal29,2022-05-14,28357
Al-Jubail,MSF-Phase2,Desal29,2022-05-15,28416
Al-Jubail,MSF-Phase2,Desal29,2022-05-16,28106
Al-Jubail,MSF-Phase2,Desal29,2022-05-17,28175
Al-Jubail,MSF-Phase2,Desal29,2022-05-18,28353
Al-Jubail,MSF-Phase2,Desal29,2022-05-19,28518
Al-Jubail,MSF-Phase2,Desal29,2022-05-20,28278
Al-Jubail,MSF-Phase2,Desal29,2022-05-21,28197
Al-Jubail,MSF-Phase2,Desal29,2022-05-22,28100
Al-Jubail,MSF-Phase2,Desal29,2022-05-23,28192
Al-Jubail,MSF-Phase2,Desal29,2022-05-24,28208
Al-Jubail,MSF-Phase2,Desal29,2022-05-25,28114
Al-Jubail,MSF-Phase2,Desal29,2022-05-26,27958
Al-Jubail,MSF-Phase2,Desal29,2022-05-27,27857
Al-Jubail,MSF-Phase2,Desal29,2022-05-28,27506
Al-Jubail,MSF-Phase2,Desal29,2022-05-29,27389
Al-Jubail,MSF-Phase2,Desal29,2022-05-30,27476
Al-Jubail,MSF-Phase2,Desal29,2022-05-31,27298
Al-Jubail,MSF-Phase2,Desal30,2022-05-01,27868
Al-Jubail,MSF-Phase2,Desal30,2022-05-02,27761
Al-Jubail,MSF-Phase2,Desal30,2022-05-03,27783
Al-Jubail,MSF-Phase2,Desal30,2022-05-04,27633
Al-Jubail,MSF-Phase2,Desal30,2022-05-05,27454
Al-Jubail,MSF-Phase2,Desal30,2022-05-06,27512
Al-Jubail,MSF-Phase2,Desal30,2022-05-07,27515
Al-Jubail,MSF-Phase2,Desal30,2022-05-08,27742
Al-Jubail,MSF-Phase2,Desal30,2022-05-09,27918
Al-Jubail,MSF-Phase2,Desal30,2022-05-10,27764
Al-Jubail,MSF-Phase2,Desal30,2022-05-11,27577
Al-Jubail,MSF-Phase2,Desal30,2022-05-12,27405
Al-Jubail,MSF-Phase2,Desal30,2022-05-13,27371
Al-Jubail,MSF-Phase2,Desal30,2022-05-14,27485
Al-Jubail,MSF-Phase2,Desal30,2022-05-15,27520
Al-Jubail,MSF-Phase2,Desal30,2022-05-16,26900
Al-Jubail,MSF-Phase2,Desal30,2022-05-17,26859
Al-Jubail,MSF-Phase2,Desal30,2022-05-18,26915
Al-Jubail,MSF-Phase2,Desal30,2022-05-19,27101
Al-Jubail,MSF-Phase2,Desal30,2022-05-20,26983
Al-Jubail,MSF-Phase2,Desal30,2022-05-21,27000
Al-Jubail,MSF-Phase2,Desal30,2022-05-22,26954
Al-Jubail,MSF-Phase2,Desal30,2022-05-23,27021
Al-Jubail,MSF-Phase2,Desal30,2022-05-24,27140
Al-Jubail,MSF-Phase2,Desal30,2022-05-25,27138
Al-Jubail,MSF-Phase2,Desal30,2022-05-26,27054
Al-Jubail,MSF-Phase2,Desal30,2022-05-27,26939
Al-Jubail,MSF-Phase2,Desal30,2022-05-28,26888
Al-Jubail,MSF-Phase2,Desal30,2022-05-29,26772
Al-Jubail,MSF-Phase2,Desal30,2022-05-30,26753
Al-Jubail,MSF-Phase2,Desal30,2022-05-31,26639
Al-Jubail,MSF-Phase2,Desal31,2022-05-01,27251
Al-Jubail,MSF-Phase2,Desal31,2022-05-02,27589
Al-Jubail,MSF-Phase2,Desal31,2022-05-03,27887
Al-Jubail,MSF-Phase2,Desal31,2022-05-04,27782
Al-Jubail,MSF-Phase2,Desal31,2022-05-05,27686
Al-Jubail,MSF-Phase2,Desal31,2022-05-06,27643
Al-Jubail,MSF-Phase2,Desal31,2022-05-07,27385
Al-Jubail,MSF-Phase2,Desal31,2022-05-08,26715
Al-Jubail,MSF-Phase2,Desal31,2022-05-09,25767
Al-Jubail,MSF-Phase2,Desal31,2022-05-10,26838
Al-Jubail,MSF-Phase2,Desal31,2022-05-11,26676
Al-Jubail,MSF-Phase2,Desal31,2022-05-12,27655
Al-Jubail,MSF-Phase2,Desal31,2022-05-13,27643
Al-Jubail,MSF-Phase2,Desal31,2022-05-14,27704
Al-Jubail,MSF-Phase2,Desal31,2022-05-15,27735
Al-Jubail,MSF-Phase2,Desal31,2022-05-16,27728
Al-Jubail,MSF-Phase2,Desal31,2022-05-17,27676
Al-Jubail,MSF-Phase2,Desal31,2022-05-18,27641
Al-Jubail,MSF-Phase2,Desal31,2022-05-19,27612
Al-Jubail,MSF-Phase2,Desal31,2022-05-20,27448
Al-Jubail,MSF-Phase2,Desal31,2022-05-21,27345
Al-Jubail,MSF-Phase2,Desal31,2022-05-22,27459
Al-Jubail,MSF-Phase2,Desal31,2022-05-23,27620
Al-Jubail,MSF-Phase2,Desal31,2022-05-24,27597
Al-Jubail,MSF-Phase2,Desal31,2022-05-25,27552
Al-Jubail,MSF-Phase2,Desal31,2022-05-26,27481
Al-Jubail,MSF-Phase2,Desal31,2022-05-27,27367
Al-Jubail,MSF-Phase2,Desal31,2022-05-28,27233
Al-Jubail,MSF-Phase2,Desal31,2022-05-29,27424
Al-Jubail,MSF-Phase2,Desal31,2022-05-30,27033
Al-Jubail,MSF-Phase2,Desal31,2022-05-31,26874
Al-Jubail,MSF-Phase2,Desal32,2022-05-01,28763
Al-Jubail,MSF-Phase2,Desal32,2022-05-02,29003
Al-Jubail,MSF-Phase2,Desal32,2022-05-03,29328
Al-Jubail,MSF-Phase2,Desal32,2022-05-04,29133
Al-Jubail,MSF-Phase2,Desal32,2022-05-05,29012
Al-Jubail,MSF-Phase2,Desal32,2022-05-06,28935
Al-Jubail,MSF-Phase2,Desal32,2022-05-07,28876
Al-Jubail,MSF-Phase2,Desal32,2022-05-08,29233
Al-Jubail,MSF-Phase2,Desal32,2022-05-09,29490
Al-Jubail,MSF-Phase2,Desal32,2022-05-10,29417
Al-Jubail,MSF-Phase2,Desal32,2022-05-11,29275
Al-Jubail,MSF-Phase2,Desal32,2022-05-12,28966
Al-Jubail,MSF-Phase2,Desal32,2022-05-13,28182
Al-Jubail,MSF-Phase2,Desal32,2022-05-14,28234
Al-Jubail,MSF-Phase2,Desal32,2022-05-15,25926
Al-Jubail,MSF-Phase2,Desal32,2022-05-16,25392
Al-Jubail,MSF-Phase2,Desal32,2022-05-17,28749
Al-Jubail,MSF-Phase2,Desal32,2022-05-18,28760
Al-Jubail,MSF-Phase2,Desal32,2022-05-19,29317
Al-Jubail,MSF-Phase2,Desal32,2022-05-20,29290
Al-Jubail,MSF-Phase2,Desal32,2022-05-21,29139
Al-Jubail,MSF-Phase2,Desal32,2022-05-22,29006
Al-Jubail,MSF-Phase2,Desal32,2022-05-23,29077
Al-Jubail,MSF-Phase2,Desal32,2022-05-24,29079
Al-Jubail,MSF-Phase2,Desal32,2022-05-25,29127
Al-Jubail,MSF-Phase2,Desal32,2022-05-26,29022
Al-Jubail,MSF-Phase2,Desal32,2022-05-27,28941
Al-Jubail,MSF-Phase2,Desal32,2022-05-28,28828
Al-Jubail,MSF-Phase2,Desal32,2022-05-29,28505
Al-Jubail,MSF-Phase2,Desal32,2022-05-30,28465
Al-Jubail,MSF-Phase2,Desal32,2022-05-31,28356
Al-Jubail,MSF-Phase2,Desal33,2022-05-01,16251
Al-Jubail,MSF-Phase2,Desal33,2022-05-02,16228
Al-Jubail,MSF-Phase2,Desal33,2022-05-03,16221
Al-Jubail,MSF-Phase2,Desal33,2022-05-04,16124
Al-Jubail,MSF-Phase2,Desal33,2022-05-05,16043
Al-Jubail,MSF-Phase2,Desal33,2022-05-06,15968
Al-Jubail,MSF-Phase2,Desal33,2022-05-07,15883
Al-Jubail,MSF-Phase2,Desal33,2022-05-08,15950
Al-Jubail,MSF-Phase2,Desal33,2022-05-09,16168
Al-Jubail,MSF-Phase2,Desal33,2022-05-10,15716
Al-Jubail,MSF-Phase2,Desal33,2022-05-11,15218
Al-Jubail,MSF-Phase2,Desal33,2022-05-12,15238
Al-Jubail,MSF-Phase2,Desal33,2022-05-13,15252
Al-Jubail,MSF-Phase2,Desal33,2022-05-14,15370
Al-Jubail,MSF-Phase2,Desal33,2022-05-15,15426
Al-Jubail,MSF-Phase2,Desal33,2022-05-16,15568
Al-Jubail,MSF-Phase2,Desal33,2022-05-17,15860
Al-Jubail,MSF-Phase2,Desal33,2022-05-18,15847
Al-Jubail,MSF-Phase2,Desal33,2022-05-19,15879
Al-Jubail,MSF-Phase2,Desal33,2022-05-20,15830
Al-Jubail,MSF-Phase2,Desal33,2022-05-21,15630
Al-Jubail,MSF-Phase2,Desal33,2022-05-22,15560
Al-Jubail,MSF-Phase2,Desal33,2022-05-23,15914
Al-Jubail,MSF-Phase2,Desal33,2022-05-24,15941
Al-Jubail,MSF-Phase2,Desal33,2022-05-25,15962
Al-Jubail,MSF-Phase2,Desal33,2022-05-26,15899
Al-Jubail,MSF-Phase2,Desal33,2022-05-27,15836
Al-Jubail,MSF-Phase2,Desal33,2022-05-28,15808
Al-Jubail,MSF-Phase2,Desal33,2022-05-29,15790
Al-Jubail,MSF-Phase2,Desal33,2022-05-30,15743
Al-Jubail,MSF-Phase2,Desal33,2022-05-31,15575
Al-Jubail,MSF-Phase2,Desal34,2022-05-01,27391
Al-Jubail,MSF-Phase2,Desal34,2022-05-02,27441
Al-Jubail,MSF-Phase2,Desal34,2022-05-03,27461
Al-Jubail,MSF-Phase2,Desal34,2022-05-04,27720
Al-Jubail,MSF-Phase2,Desal34,2022-05-05,27761
Al-Jubail,MSF-Phase2,Desal34,2022-05-06,27736
Al-Jubail,MSF-Phase2,Desal34,2022-05-07,27329
Al-Jubail,MSF-Phase2,Desal34,2022-05-08,26968
Al-Jubail,MSF-Phase2,Desal34,2022-05-09,27383
Al-Jubail,MSF-Phase2,Desal34,2022-05-10,27608
Al-Jubail,MSF-Phase2,Desal34,2022-05-11,27650
Al-Jubail,MSF-Phase2,Desal34,2022-05-12,27568
Al-Jubail,MSF-Phase2,Desal34,2022-05-13,27518
Al-Jubail,MSF-Phase2,Desal34,2022-05-14,27481
Al-Jubail,MSF-Phase2,Desal34,2022-05-15,27431
Al-Jubail,MSF-Phase2,Desal34,2022-05-16,27509
Al-Jubail,MSF-Phase2,Desal34,2022-05-17,27613
Al-Jubail,MSF-Phase2,Desal34,2022-05-18,27613
Al-Jubail,MSF-Phase2,Desal34,2022-05-19,27555
Al-Jubail,MSF-Phase2,Desal34,2022-05-20,27653
Al-Jubail,MSF-Phase2,Desal34,2022-05-21,27393
Al-Jubail,MSF-Phase2,Desal34,2022-05-22,27079
Al-Jubail,MSF-Phase2,Desal34,2022-05-23,27499
Al-Jubail,MSF-Phase2,Desal34,2022-05-24,27089
Al-Jubail,MSF-Phase2,Desal34,2022-05-25,27196
Al-Jubail,MSF-Phase2,Desal34,2022-05-26,27260
Al-Jubail,MSF-Phase2,Desal34,2022-05-27,27113
Al-Jubail,MSF-Phase2,Desal34,2022-05-28,27039
Al-Jubail,MSF-Phase2,Desal34,2022-05-29,27146
Al-Jubail,MSF-Phase2,Desal34,2022-05-30,27344
Al-Jubail,MSF-Phase2,Desal34,2022-05-31,27190
Al-Jubail,MSF-Phase2,Desal35,2022-05-01,28156
Al-Jubail,MSF-Phase2,Desal35,2022-05-02,27997
Al-Jubail,MSF-Phase2,Desal35,2022-05-03,28021
Al-Jubail,MSF-Phase2,Desal35,2022-05-04,28018
Al-Jubail,MSF-Phase2,Desal35,2022-05-05,28088
Al-Jubail,MSF-Phase2,Desal35,2022-05-06,28113
Al-Jubail,MSF-Phase2,Desal35,2022-05-07,27760
Al-Jubail,MSF-Phase2,Desal35,2022-05-08,27385
Al-Jubail,MSF-Phase2,Desal35,2022-05-09,27774
Al-Jubail,MSF-Phase2,Desal35,2022-05-10,28057
Al-Jubail,MSF-Phase2,Desal35,2022-05-11,28120
Al-Jubail,MSF-Phase2,Desal35,2022-05-12,28014
Al-Jubail,MSF-Phase2,Desal35,2022-05-13,28049
Al-Jubail,MSF-Phase2,Desal35,2022-05-14,27990
Al-Jubail,MSF-Phase2,Desal35,2022-05-15,27995
Al-Jubail,MSF-Phase2,Desal35,2022-05-16,28048
Al-Jubail,MSF-Phase2,Desal35,2022-05-17,27953
Al-Jubail,MSF-Phase2,Desal35,2022-05-18,27963
Al-Jubail,MSF-Phase2,Desal35,2022-05-19,28081
Al-Jubail,MSF-Phase2,Desal35,2022-05-20,28246
Al-Jubail,MSF-Phase2,Desal35,2022-05-21,27938
Al-Jubail,MSF-Phase2,Desal35,2022-05-22,27656
Al-Jubail,MSF-Phase2,Desal35,2022-05-23,28270
Al-Jubail,MSF-Phase2,Desal35,2022-05-24,27856
Al-Jubail,MSF-Phase2,Desal35,2022-05-25,27908
Al-Jubail,MSF-Phase2,Desal35,2022-05-26,28108
Al-Jubail,MSF-Phase2,Desal35,2022-05-27,27848
Al-Jubail,MSF-Phase2,Desal35,2022-05-28,27845
Al-Jubail,MSF-Phase2,Desal35,2022-05-29,27846
Al-Jubail,MSF-Phase2,Desal35,2022-05-30,27825
Al-Jubail,MSF-Phase2,Desal35,2022-05-31,27549
Al-Jubail,MSF-Phase2,Desal36,2022-05-01,27281
Al-Jubail,MSF-Phase2,Desal36,2022-05-02,27229
Al-Jubail,MSF-Phase2,Desal36,2022-05-03,27086
Al-Jubail,MSF-Phase2,Desal36,2022-05-04,26962
Al-Jubail,MSF-Phase2,Desal36,2022-05-05,26902
Al-Jubail,MSF-Phase2,Desal36,2022-05-06,26823
Al-Jubail,MSF-Phase2,Desal36,2022-05-07,26770
Al-Jubail,MSF-Phase2,Desal36,2022-05-08,26810
Al-Jubail,MSF-Phase2,Desal36,2022-05-09,27016
Al-Jubail,MSF-Phase2,Desal36,2022-05-10,27064
Al-Jubail,MSF-Phase2,Desal36,2022-05-11,27021
Al-Jubail,MSF-Phase2,Desal36,2022-05-12,26904
Al-Jubail,MSF-Phase2,Desal36,2022-05-13,26851
Al-Jubail,MSF-Phase2,Desal36,2022-05-14,26789
Al-Jubail,MSF-Phase2,Desal36,2022-05-15,26971
Al-Jubail,MSF-Phase2,Desal36,2022-05-16,26849
Al-Jubail,MSF-Phase2,Desal36,2022-05-17,26895
Al-Jubail,MSF-Phase2,Desal36,2022-05-18,27017
Al-Jubail,MSF-Phase2,Desal36,2022-05-19,27658
Al-Jubail,MSF-Phase2,Desal36,2022-05-20,27600
Al-Jubail,MSF-Phase2,Desal36,2022-05-21,27361
Al-Jubail,MSF-Phase2,Desal36,2022-05-22,27289
Al-Jubail,MSF-Phase2,Desal36,2022-05-23,27741
Al-Jubail,MSF-Phase2,Desal36,2022-05-24,27813
Al-Jubail,MSF-Phase2,Desal36,2022-05-25,27837
Al-Jubail,MSF-Phase2,Desal36,2022-05-26,27763
Al-Jubail,MSF-Phase2,Desal36,2022-05-27,27739
Al-Jubail,MSF-Phase2,Desal36,2022-05-28,27696
Al-Jubail,MSF-Phase2,Desal36,2022-05-29,27667
Al-Jubail,MSF-Phase2,Desal36,2022-05-30,27683
Al-Jubail,MSF-Phase2,Desal36,2022-05-31,27469
Al-Jubail,MSF-Phase2,Desal37,2022-05-01,27482
Al-Jubail,MSF-Phase2,Desal37,2022-05-02,27508
Al-Jubail,MSF-Phase2,Desal37,2022-05-03,27567
Al-Jubail,MSF-Phase2,Desal37,2022-05-04,26984
Al-Jubail,MSF-Phase2,Desal37,2022-05-05,26569
Al-Jubail,MSF-Phase2,Desal37,2022-05-06,26906
Al-Jubail,MSF-Phase2,Desal37,2022-05-07,26754
Al-Jubail,MSF-Phase2,Desal37,2022-05-08,27140
Al-Jubail,MSF-Phase2,Desal37,2022-05-09,27165
Al-Jubail,MSF-Phase2,Desal37,2022-05-10,14471
Al-Jubail,MSF-Phase2,Desal37,2022-05-11,27665
Al-Jubail,MSF-Phase2,Desal37,2022-05-12,25356
Al-Jubail,MSF-Phase2,Desal37,2022-05-13,19224
Al-Jubail,MSF-Phase2,Desal37,2022-05-14,19345
Al-Jubail,MSF-Phase2,Desal37,2022-05-15,19415
Al-Jubail,MSF-Phase2,Desal37,2022-05-16,19325
Al-Jubail,MSF-Phase2,Desal37,2022-05-17,19249
Al-Jubail,MSF-Phase2,Desal37,2022-05-18,19120
Al-Jubail,MSF-Phase2,Desal37,2022-05-19,19317
Al-Jubail,MSF-Phase2,Desal37,2022-05-20,18967
Al-Jubail,MSF-Phase2,Desal37,2022-05-21,18862
Al-Jubail,MSF-Phase2,Desal37,2022-05-22,18880
Al-Jubail,MSF-Phase2,Desal37,2022-05-23,22080
Al-Jubail,MSF-Phase2,Desal37,2022-05-24,26276
Al-Jubail,MSF-Phase2,Desal37,2022-05-25,27226
Al-Jubail,MSF-Phase2,Desal37,2022-05-26,27153
Al-Jubail,MSF-Phase2,Desal37,2022-05-27,27059
Al-Jubail,MSF-Phase2,Desal37,2022-05-28,26991
Al-Jubail,MSF-Phase2,Desal37,2022-05-29,26919
Al-Jubail,MSF-Phase2,Desal37,2022-05-30,26763
Al-Jubail,MSF-Phase2,Desal37,2022-05-31,26589
Al-Jubail,MSF-Phase2,Desal38,2022-05-01,27277
Al-Jubail,MSF-Phase2,Desal38,2022-05-02,27306
Al-Jubail,MSF-Phase2,Desal38,2022-05-03,27247
Al-Jubail,MSF-Phase2,Desal38,2022-05-04,26582
Al-Jubail,MSF-Phase2,Desal38,2022-05-05,26728
Al-Jubail,MSF-Phase2,Desal38,2022-05-06,27083
Al-Jubail,MSF-Phase2,Desal38,2022-05-07,28406
Al-Jubail,MSF-Phase2,Desal38,2022-05-08,29061
Al-Jubail,MSF-Phase2,Desal38,2022-05-09,29025
Al-Jubail,MSF-Phase2,Desal38,2022-05-10,29286
Al-Jubail,MSF-Phase2,Desal38,2022-05-11,29053
Al-Jubail,MSF-Phase2,Desal38,2022-05-12,28838
Al-Jubail,MSF-Phase2,Desal38,2022-05-13,28843
Al-Jubail,MSF-Phase2,Desal38,2022-05-14,28971
Al-Jubail,MSF-Phase2,Desal38,2022-05-15,29074
Al-Jubail,MSF-Phase2,Desal38,2022-05-16,29153
Al-Jubail,MSF-Phase2,Desal38,2022-05-17,29029
Al-Jubail,MSF-Phase2,Desal38,2022-05-18,29051
Al-Jubail,MSF-Phase2,Desal38,2022-05-19,29222
Al-Jubail,MSF-Phase2,Desal38,2022-05-20,28586
Al-Jubail,MSF-Phase2,Desal38,2022-05-21,28360
Al-Jubail,MSF-Phase2,Desal38,2022-05-22,28453
Al-Jubail,MSF-Phase2,Desal38,2022-05-23,28487
Al-Jubail,MSF-Phase2,Desal38,2022-05-24,28220
Al-Jubail,MSF-Phase2,Desal38,2022-05-25,28970
Al-Jubail,MSF-Phase2,Desal38,2022-05-26,29011
Al-Jubail,MSF-Phase2,Desal38,2022-05-27,28946
Al-Jubail,MSF-Phase2,Desal38,2022-05-28,28756
Al-Jubail,MSF-Phase2,Desal38,2022-05-29,28817
Al-Jubail,MSF-Phase2,Desal38,2022-05-30,28740
Al-Jubail,MSF-Phase2,Desal38,2022-05-31,28494
Al-Jubail,MSF-Phase2,Desal39,2022-05-01,24002
Al-Jubail,MSF-Phase2,Desal39,2022-05-02,23920
Al-Jubail,MSF-Phase2,Desal39,2022-05-03,23040
Al-Jubail,MSF-Phase2,Desal39,2022-05-04,20280
Al-Jubail,MSF-Phase2,Desal39,2022-05-05,24280
Al-Jubail,MSF-Phase2,Desal39,2022-05-06,23495
Al-Jubail,MSF-Phase2,Desal39,2022-05-07,22939
Al-Jubail,MSF-Phase2,Desal39,2022-05-08,23633
Al-Jubail,MSF-Phase2,Desal39,2022-05-09,23637
Al-Jubail,MSF-Phase2,Desal39,2022-05-10,23614
Al-Jubail,MSF-Phase2,Desal39,2022-05-11,3970
Al-Jubail,MSF-Phase2,Desal39,2022-05-12,26900
Al-Jubail,MSF-Phase2,Desal39,2022-05-13,25818
Al-Jubail,MSF-Phase2,Desal39,2022-05-14,25788
Al-Jubail,MSF-Phase2,Desal39,2022-05-15,26143
Al-Jubail,MSF-Phase2,Desal39,2022-05-16,26089
Al-Jubail,MSF-Phase2,Desal39,2022-05-17,25926
Al-Jubail,MSF-Phase2,Desal39,2022-05-18,25752
Al-Jubail,MSF-Phase2,Desal39,2022-05-19,25987
Al-Jubail,MSF-Phase2,Desal39,2022-05-20,25625
Al-Jubail,MSF-Phase2,Desal39,2022-05-21,25616
Al-Jubail,MSF-Phase2,Desal39,2022-05-22,26068
Al-Jubail,MSF-Phase2,Desal39,2022-05-23,26694
Al-Jubail,MSF-Phase2,Desal39,2022-05-24,25373
Al-Jubail,MSF-Phase2,Desal39,2022-05-25,26925
Al-Jubail,MSF-Phase2,Desal39,2022-05-26,26961
Al-Jubail,MSF-Phase2,Desal39,2022-05-27,26774
Al-Jubail,MSF-Phase2,Desal39,2022-05-28,26668
Al-Jubail,MSF-Phase2,Desal39,2022-05-29,26509
Al-Jubail,MSF-Phase2,Desal39,2022-05-30,26343
Al-Jubail,MSF-Phase2,Desal39,2022-05-31,25496
Al-Jubail,MSF-Phase2,Desal40,2022-05-01,27045
Al-Jubail,MSF-Phase2,Desal40,2022-05-02,27162
Al-Jubail,MSF-Phase2,Desal40,2022-05-03,26612
Al-Jubail,MSF-Phase2,Desal40,2022-05-04,26714
Al-Jubail,MSF-Phase2,Desal40,2022-05-05,27078
Al-Jubail,MSF-Phase2,Desal40,2022-05-06,27660
Al-Jubail,MSF-Phase2,Desal40,2022-05-07,26094
Al-Jubail,MSF-Phase2,Desal40,2022-05-08,26191
Al-Jubail,MSF-Phase2,Desal40,2022-05-09,25389
Al-Jubail,MSF-Phase2,Desal40,2022-05-10,26426
Al-Jubail,MSF-Phase2,Desal40,2022-05-11,26557
Al-Jubail,MSF-Phase2,Desal40,2022-05-12,26465
Al-Jubail,MSF-Phase2,Desal40,2022-05-13,26501
Al-Jubail,MSF-Phase2,Desal40,2022-05-14,26636
Al-Jubail,MSF-Phase2,Desal40,2022-05-15,26837
Al-Jubail,MSF-Phase2,Desal40,2022-05-16,26439
Al-Jubail,MSF-Phase2,Desal40,2022-05-17,26237
Al-Jubail,MSF-Phase2,Desal40,2022-05-18,26250
Al-Jubail,MSF-Phase2,Desal40,2022-05-19,26403
Al-Jubail,MSF-Phase2,Desal40,2022-05-20,25966
Al-Jubail,MSF-Phase2,Desal40,2022-05-21,26048
Al-Jubail,MSF-Phase2,Desal40,2022-05-22,26206
Al-Jubail,MSF-Phase2,Desal40,2022-05-23,26264
Al-Jubail,MSF-Phase2,Desal40,2022-05-24,25615
Al-Jubail,MSF-Phase2,Desal40,2022-05-25,26515
Al-Jubail,MSF-Phase2,Desal40,2022-05-26,25909
Al-Jubail,MSF-Phase2,Desal40,2022-05-27,26154
Al-Jubail,MSF-Phase2,Desal40,2022-05-28,26077
Al-Jubail,MSF-Phase2,Desal40,2022-05-29,25950
Al-Jubail,MSF-Phase2,Desal40,2022-05-30,25724
Al-Jubail,MSF-Phase2,Desal40,2022-05-31,25098
Al-Jubail,RO,RO\RO - A,2022-05-01,13
Al-Jubail,RO,RO\RO - A,2022-05-02,5965
Al-Jubail,RO,RO\RO - A,2022-05-03,2125
Al-Jubail,RO,RO\RO - A,2022-05-04,5963
Al-Jubail,RO,RO\RO - A,2022-05-05,5906
Al-Jubail,RO,RO\RO - A,2022-05-06,5880
Al-Jubail,RO,RO\RO - A,2022-05-07,5913
Al-Jubail,RO,RO\RO - A,2022-05-08,5891
Al-Jubail,RO,RO\RO - A,2022-05-09,5870
Al-Jubail,RO,RO\RO - A,2022-05-10,5854
Al-Jubail,RO,RO\RO - A,2022-05-11,5871
Al-Jubail,RO,RO\RO - A,2022-05-12,5912
Al-Jubail,RO,RO\RO - A,2022-05-13,5877
Al-Jubail,RO,RO\RO - A,2022-05-14,5773
Al-Jubail,RO,RO\RO - A,2022-05-15,5752
Al-Jubail,RO,RO\RO - A,2022-05-16,5864
Al-Jubail,RO,RO\RO - A,2022-05-17,5946
Al-Jubail,RO,RO\RO - A,2022-05-18,5957
Al-Jubail,RO,RO\RO - A,2022-05-19,5965
Al-Jubail,RO,RO\RO - A,2022-05-20,6012
Al-Jubail,RO,RO\RO - A,2022-05-21,6014
Al-Jubail,RO,RO\RO - A,2022-05-22,5941
Al-Jubail,RO,RO\RO - A,2022-05-23,2185
Al-Jubail,RO,RO\RO - A,2022-05-24,3829
Al-Jubail,RO,RO\RO - A,2022-05-25,5899
Al-Jubail,RO,RO\RO - A,2022-05-26,4033
Al-Jubail,RO,RO\RO - A,2022-05-27,5922
Al-Jubail,RO,RO\RO - A,2022-05-28,5900
Al-Jubail,RO,RO\RO - A,2022-05-29,5896
Al-Jubail,RO,RO\RO - A,2022-05-30,5937
Al-Jubail,RO,RO\RO - A,2022-05-31,5968
Al-Jubail,RO,RO\RO - B,2022-05-01,5535
Al-Jubail,RO,RO\RO - B,2022-05-02,5527
Al-Jubail,RO,RO\RO - B,2022-05-03,5547
Al-Jubail,RO,RO\RO - B,2022-05-04,5528
Al-Jubail,RO,RO\RO - B,2022-05-05,5502
Al-Jubail,RO,RO\RO - B,2022-05-06,5486
Al-Jubail,RO,RO\RO - B,2022-05-07,5526
Al-Jubail,RO,RO\RO - B,2022-05-08,5535
Al-Jubail,RO,RO\RO - B,2022-05-09,5571
Al-Jubail,RO,RO\RO - B,2022-05-10,5582
Al-Jubail,RO,RO\RO - B,2022-05-11,5611
Al-Jubail,RO,RO\RO - B,2022-05-12,5627
Al-Jubail,RO,RO\RO - B,2022-05-13,5605
Al-Jubail,RO,RO\RO - B,2022-05-14,5545
Al-Jubail,RO,RO\RO - B,2022-05-15,5486
Al-Jubail,RO,RO\RO - B,2022-05-16,5574
Al-Jubail,RO,RO\RO - B,2022-05-17,5637
Al-Jubail,RO,RO\RO - B,2022-05-18,5629
Al-Jubail,RO,RO\RO - B,2022-05-19,5628
Al-Jubail,RO,RO\RO - B,2022-05-20,5654
Al-Jubail,RO,RO\RO - B,2022-05-21,5682
Al-Jubail,RO,RO\RO - B,2022-05-22,5683
Al-Jubail,RO,RO\RO - B,2022-05-23,2137
Al-Jubail,RO,RO\RO - B,2022-05-24,3752
Al-Jubail,RO,RO\RO - B,2022-05-25,5762
Al-Jubail,RO,RO\RO - B,2022-05-26,5717
Al-Jubail,RO,RO\RO - B,2022-05-27,5716
Al-Jubail,RO,RO\RO - B,2022-05-28,5705
Al-Jubail,RO,RO\RO - B,2022-05-29,5696
Al-Jubail,RO,RO\RO - B,2022-05-30,5726
Al-Jubail,RO,RO\RO - B,2022-05-31,5753
Al-Jubail,RO,RO\RO - C,2022-05-01,4
Al-Jubail,RO,RO\RO - C,2022-05-02,0
Al-Jubail,RO,RO\RO - C,2022-05-03,0
Al-Jubail,RO,RO\RO - C,2022-05-04,0
Al-Jubail,RO,RO\RO - C,2022-05-05,0
Al-Jubail,RO,RO\RO - C,2022-05-06,0
Al-Jubail,RO,RO\RO - C,2022-05-07,0
Al-Jubail,RO,RO\RO - C,2022-05-08,0
Al-Jubail,RO,RO\RO - C,2022-05-09,1
Al-Jubail,RO,RO\RO - C,2022-05-10,0
Al-Jubail,RO,RO\RO - C,2022-05-11,0
Al-Jubail,RO,RO\RO - C,2022-05-12,0
Al-Jubail,RO,RO\RO - C,2022-05-13,0
Al-Jubail,RO,RO\RO - C,2022-05-14,0
Al-Jubail,RO,RO\RO - C,2022-05-15,1
Al-Jubail,RO,RO\RO - C,2022-05-16,0
Al-Jubail,RO,RO\RO - C,2022-05-17,0
Al-Jubail,RO,RO\RO - C,2022-05-18,1
Al-Jubail,RO,RO\RO - C,2022-05-19,5
Al-Jubail,RO,RO\RO - C,2022-05-20,21
Al-Jubail,RO,RO\RO - C,2022-05-21,2
Al-Jubail,RO,RO\RO - C,2022-05-22,3
Al-Jubail,RO,RO\RO - C,2022-05-23,0
Al-Jubail,RO,RO\RO - C,2022-05-24,3
Al-Jubail,RO,RO\RO - C,2022-05-25,3
Al-Jubail,RO,RO\RO - C,2022-05-26,3
Al-Jubail,RO,RO\RO - C,2022-05-27,2
Al-Jubail,RO,RO\RO - C,2022-05-28,0
Al-Jubail,RO,RO\RO - C,2022-05-29,2
Al-Jubail,RO,RO\RO - C,2022-05-30,1
Al-Jubail,RO,RO\RO - C,2022-05-31,3
Al-Jubail,RO,RO\RO - D,2022-05-01,0
Al-Jubail,RO,RO\RO - D,2022-05-02,0
Al-Jubail,RO,RO\RO - D,2022-05-03,0
Al-Jubail,RO,RO\RO - D,2022-05-04,0
Al-Jubail,RO,RO\RO - D,2022-05-05,0
Al-Jubail,RO,RO\RO - D,2022-05-06,0
Al-Jubail,RO,RO\RO - D,2022-05-07,0
Al-Jubail,RO,RO\RO - D,2022-05-08,0
Al-Jubail,RO,RO\RO - D,2022-05-09,0
Al-Jubail,RO,RO\RO - D,2022-05-10,0
Al-Jubail,RO,RO\RO - D,2022-05-11,0
Al-Jubail,RO,RO\RO - D,2022-05-12,0
Al-Jubail,RO,RO\RO - D,2022-05-13,0
Al-Jubail,RO,RO\RO - D,2022-05-14,0
Al-Jubail,RO,RO\RO - D,2022-05-15,0
Al-Jubail,RO,RO\RO - D,2022-05-16,0
Al-Jubail,RO,RO\RO - D,2022-05-17,0
Al-Jubail,RO,RO\RO - D,2022-05-18,0
Al-Jubail,RO,RO\RO - D,2022-05-19,0
Al-Jubail,RO,RO\RO - D,2022-05-20,0
Al-Jubail,RO,RO\RO - D,2022-05-21,0
Al-Jubail,RO,RO\RO - D,2022-05-22,0
Al-Jubail,RO,RO\RO - D,2022-05-23,0
Al-Jubail,RO,RO\RO - D,2022-05-24,0
Al-Jubail,RO,RO\RO - D,2022-05-25,0
Al-Jubail,RO,RO\RO - D,2022-05-26,0
Al-Jubail,RO,RO\RO - D,2022-05-27,0
Al-Jubail,RO,RO\RO - D,2022-05-28,0
Al-Jubail,RO,RO\RO - D,2022-05-29,0
Al-Jubail,RO,RO\RO - D,2022-05-30,0
Al-Jubail,RO,RO\RO - D,2022-05-31,0
Al-Jubail,RO,RO\RO - E,2022-05-01,4551
Al-Jubail,RO,RO\RO - E,2022-05-02,5397
Al-Jubail,RO,RO\RO - E,2022-05-03,5412
Al-Jubail,RO,RO\RO - E,2022-05-04,5402
Al-Jubail,RO,RO\RO - E,2022-05-05,5396
Al-Jubail,RO,RO\RO - E,2022-05-06,5468
Al-Jubail,RO,RO\RO - E,2022-05-07,5751
Al-Jubail,RO,RO\RO - E,2022-05-08,5715
Al-Jubail,RO,RO\RO - E,2022-05-09,5687
Al-Jubail,RO,RO\RO - E,2022-05-10,5679
Al-Jubail,RO,RO\RO - E,2022-05-11,5710
Al-Jubail,RO,RO\RO - E,2022-05-12,5734
Al-Jubail,RO,RO\RO - E,2022-05-13,5716
Al-Jubail,RO,RO\RO - E,2022-05-14,5640
Al-Jubail,RO,RO\RO - E,2022-05-15,5563
Al-Jubail,RO,RO\RO - E,2022-05-16,1956
Al-Jubail,RO,RO\RO - E,2022-05-17,0
Al-Jubail,RO,RO\RO - E,2022-05-18,1645
Al-Jubail,RO,RO\RO - E,2022-05-19,5567
Al-Jubail,RO,RO\RO - E,2022-05-20,5584
Al-Jubail,RO,RO\RO - E,2022-05-21,5414
Al-Jubail,RO,RO\RO - E,2022-05-22,5968
Al-Jubail,RO,RO\RO - E,2022-05-23,2183
Al-Jubail,RO,RO\RO - E,2022-05-24,3838
Al-Jubail,RO,RO\RO - E,2022-05-25,5755
Al-Jubail,RO,RO\RO - E,2022-05-26,5721
Al-Jubail,RO,RO\RO - E,2022-05-27,5727
Al-Jubail,RO,RO\RO - E,2022-05-28,5725
Al-Jubail,RO,RO\RO - E,2022-05-29,5729
Al-Jubail,RO,RO\RO - E,2022-05-30,5753
Al-Jubail,RO,RO\RO - E,2022-05-31,5782
Al-Jubail,RO,RO\RO - F,2022-05-01,5711
Al-Jubail,RO,RO\RO - F,2022-05-02,5719
Al-Jubail,RO,RO\RO - F,2022-05-03,5739
Al-Jubail,RO,RO\RO - F,2022-05-04,5717
Al-Jubail,RO,RO\RO - F,2022-05-05,5674
Al-Jubail,RO,RO\RO - F,2022-05-06,5661
Al-Jubail,RO,RO\RO - F,2022-05-07,5725
Al-Jubail,RO,RO\RO - F,2022-05-08,5717
Al-Jubail,RO,RO\RO - F,2022-05-09,5720
Al-Jubail,RO,RO\RO - F,2022-05-10,5714
Al-Jubail,RO,RO\RO - F,2022-05-11,5749
Al-Jubail,RO,RO\RO - F,2022-05-12,5777
Al-Jubail,RO,RO\RO - F,2022-05-13,5741
Al-Jubail,RO,RO\RO - F,2022-05-14,5648
Al-Jubail,RO,RO\RO - F,2022-05-15,5568
Al-Jubail,RO,RO\RO - F,2022-05-16,5674
Al-Jubail,RO,RO\RO - F,2022-05-17,5751
Al-Jubail,RO,RO\RO - F,2022-05-18,5757
Al-Jubail,RO,RO\RO - F,2022-05-19,5767
Al-Jubail,RO,RO\RO - F,2022-05-20,5809
Al-Jubail,RO,RO\RO - F,2022-05-21,5536
Al-Jubail,RO,RO\RO - F,2022-05-22,6073
Al-Jubail,RO,RO\RO - F,2022-05-23,2328
Al-Jubail,RO,RO\RO - F,2022-05-24,3859
Al-Jubail,RO,RO\RO - F,2022-05-25,5928
Al-Jubail,RO,RO\RO - F,2022-05-26,5887
Al-Jubail,RO,RO\RO - F,2022-05-27,5880
Al-Jubail,RO,RO\RO - F,2022-05-28,5875
Al-Jubail,RO,RO\RO - F,2022-05-29,5876
Al-Jubail,RO,RO\RO - F,2022-05-30,5925
Al-Jubail,RO,RO\RO - F,2022-05-31,5958
Al-Jubail,RO,RO\RO - G,2022-05-01,20
Al-Jubail,RO,RO\RO - G,2022-05-02,22
Al-Jubail,RO,RO\RO - G,2022-05-03,19
Al-Jubail,RO,RO\RO - G,2022-05-04,0
Al-Jubail,RO,RO\RO - G,2022-05-05,26
Al-Jubail,RO,RO\RO - G,2022-05-06,19
Al-Jubail,RO,RO\RO - G,2022-05-07,18
Al-Jubail,RO,RO\RO - G,2022-05-08,12
Al-Jubail,RO,RO\RO - G,2022-05-09,11
Al-Jubail,RO,RO\RO - G,2022-05-10,0
Al-Jubail,RO,RO\RO - G,2022-05-11,15
Al-Jubail,RO,RO\RO - G,2022-05-12,17
Al-Jubail,RO,RO\RO - G,2022-05-13,57
Al-Jubail,RO,RO\RO - G,2022-05-14,15
Al-Jubail,RO,RO\RO - G,2022-05-15,0
Al-Jubail,RO,RO\RO - G,2022-05-16,0
Al-Jubail,RO,RO\RO - G,2022-05-17,0
Al-Jubail,RO,RO\RO - G,2022-05-18,0
Al-Jubail,RO,RO\RO - G,2022-05-19,0
Al-Jubail,RO,RO\RO - G,2022-05-20,0
Al-Jubail,RO,RO\RO - G,2022-05-21,32
Al-Jubail,RO,RO\RO - G,2022-05-22,24
Al-Jubail,RO,RO\RO - G,2022-05-23,0
Al-Jubail,RO,RO\RO - G,2022-05-24,21
Al-Jubail,RO,RO\RO - G,2022-05-25,0
Al-Jubail,RO,RO\RO - G,2022-05-26,0
Al-Jubail,RO,RO\RO - G,2022-05-27,0
Al-Jubail,RO,RO\RO - G,2022-05-28,0
Al-Jubail,RO,RO\RO - G,2022-05-29,14
Al-Jubail,RO,RO\RO - G,2022-05-30,6
Al-Jubail,RO,RO\RO - G,2022-05-31,8
Al-Jubail,RO,RO\RO - H,2022-05-01,0
Al-Jubail,RO,RO\RO - H,2022-05-02,0
Al-Jubail,RO,RO\RO - H,2022-05-03,0
Al-Jubail,RO,RO\RO - H,2022-05-04,0
Al-Jubail,RO,RO\RO - H,2022-05-05,0
Al-Jubail,RO,RO\RO - H,2022-05-06,0
Al-Jubail,RO,RO\RO - H,2022-05-07,0
Al-Jubail,RO,RO\RO - H,2022-05-08,0
Al-Jubail,RO,RO\RO - H,2022-05-09,1
Al-Jubail,RO,RO\RO - H,2022-05-10,1
Al-Jubail,RO,RO\RO - H,2022-05-11,0
Al-Jubail,RO,RO\RO - H,2022-05-12,2981
Al-Jubail,RO,RO\RO - H,2022-05-13,5815
Al-Jubail,RO,RO\RO - H,2022-05-14,5688
Al-Jubail,RO,RO\RO - H,2022-05-15,5587
Al-Jubail,RO,RO\RO - H,2022-05-16,5679
Al-Jubail,RO,RO\RO - H,2022-05-17,5041
Al-Jubail,RO,RO\RO - H,2022-05-18,5588
Al-Jubail,RO,RO\RO - H,2022-05-19,5582
Al-Jubail,RO,RO\RO - H,2022-05-20,3898
Al-Jubail,RO,RO\RO - H,2022-05-21,5436
Al-Jubail,RO,RO\RO - H,2022-05-22,5708
Al-Jubail,RO,RO\RO - H,2022-05-23,2175
Al-Jubail,RO,RO\RO - H,2022-05-24,2652
Al-Jubail,RO,RO\RO - H,2022-05-25,0
Al-Jubail,RO,RO\RO - H,2022-05-26,12
Al-Jubail,RO,RO\RO - H,2022-05-27,0
Al-Jubail,RO,RO\RO - H,2022-05-28,0
Al-Jubail,RO,RO\RO - H,2022-05-29,0
Al-Jubail,RO,RO\RO - H,2022-05-30,265
Al-Jubail,RO,RO\RO - H,2022-05-31,0
Al-Jubail,RO,RO\RO - J,2022-05-01,5410
Al-Jubail,RO,RO\RO - J,2022-05-02,5416
Al-Jubail,RO,RO\RO - J,2022-05-03,5440
Al-Jubail,RO,RO\RO - J,2022-05-04,5422
Al-Jubail,RO,RO\RO - J,2022-05-05,5368
Al-Jubail,RO,RO\RO - J,2022-05-06,5328
Al-Jubail,RO,RO\RO - J,2022-05-07,5310
Al-Jubail,RO,RO\RO - J,2022-05-08,5322
Al-Jubail,RO,RO\RO - J,2022-05-09,5340
Al-Jubail,RO,RO\RO - J,2022-05-10,5337
Al-Jubail,RO,RO\RO - J,2022-05-11,5365
Al-Jubail,RO,RO\RO - J,2022-05-12,5401
Al-Jubail,RO,RO\RO - J,2022-05-13,2667
Al-Jubail,RO,RO\RO - J,2022-05-14,0
Al-Jubail,RO,RO\RO - J,2022-05-15,1553
Al-Jubail,RO,RO\RO - J,2022-05-16,5502
Al-Jubail,RO,RO\RO - J,2022-05-17,5537
Al-Jubail,RO,RO\RO - J,2022-05-18,5520
Al-Jubail,RO,RO\RO - J,2022-05-19,5508
Al-Jubail,RO,RO\RO - J,2022-05-20,5540
Al-Jubail,RO,RO\RO - J,2022-05-21,5567
Al-Jubail,RO,RO\RO - J,2022-05-22,5577
Al-Jubail,RO,RO\RO - J,2022-05-23,2136
Al-Jubail,RO,RO\RO - J,2022-05-24,3745
Al-Jubail,RO,RO\RO - J,2022-05-25,5517
Al-Jubail,RO,RO\RO - J,2022-05-26,5472
Al-Jubail,RO,RO\RO - J,2022-05-27,5458
Al-Jubail,RO,RO\RO - J,2022-05-28,5453
Al-Jubail,RO,RO\RO - J,2022-05-29,5448
Al-Jubail,RO,RO\RO - J,2022-05-30,5502
Al-Jubail,RO,RO\RO - J,2022-05-31,5535
Al-Jubail,RO,RO\RO - K,2022-05-01,0
Al-Jubail,RO,RO\RO - K,2022-05-02,0
Al-Jubail,RO,RO\RO - K,2022-05-03,0
Al-Jubail,RO,RO\RO - K,2022-05-04,0
Al-Jubail,RO,RO\RO - K,2022-05-05,0
Al-Jubail,RO,RO\RO - K,2022-05-06,0
Al-Jubail,RO,RO\RO - K,2022-05-07,0
Al-Jubail,RO,RO\RO - K,2022-05-08,0
Al-Jubail,RO,RO\RO - K,2022-05-09,0
Al-Jubail,RO,RO\RO - K,2022-05-10,0
Al-Jubail,RO,RO\RO - K,2022-05-11,0
Al-Jubail,RO,RO\RO - K,2022-05-12,0
Al-Jubail,RO,RO\RO - K,2022-05-13,0
Al-Jubail,RO,RO\RO - K,2022-05-14,0
Al-Jubail,RO,RO\RO - K,2022-05-15,0
Al-Jubail,RO,RO\RO - K,2022-05-16,0
Al-Jubail,RO,RO\RO - K,2022-05-17,0
Al-Jubail,RO,RO\RO - K,2022-05-18,0
Al-Jubail,RO,RO\RO - K,2022-05-19,0
Al-Jubail,RO,RO\RO - K,2022-05-20,0
Al-Jubail,RO,RO\RO - K,2022-05-21,0
Al-Jubail,RO,RO\RO - K,2022-05-22,0
Al-Jubail,RO,RO\RO - K,2022-05-23,0
Al-Jubail,RO,RO\RO - K,2022-05-24,0
Al-Jubail,RO,RO\RO - K,2022-05-25,0
Al-Jubail,RO,RO\RO - K,2022-05-26,0
Al-Jubail,RO,RO\RO - K,2022-05-27,0
Al-Jubail,RO,RO\RO - K,2022-05-28,0
Al-Jubail,RO,RO\RO - K,2022-05-29,0
Al-Jubail,RO,RO\RO - K,2022-05-30,0
Al-Jubail,RO,RO\RO - K,2022-05-31,0
Al-Jubail,RO,RO\RO - L,2022-05-01,49
Al-Jubail,RO,RO\RO - L,2022-05-02,49
Al-Jubail,RO,RO\RO - L,2022-05-03,48
Al-Jubail,RO,RO\RO - L,2022-05-04,48
Al-Jubail,RO,RO\RO - L,2022-05-05,49
Al-Jubail,RO,RO\RO - L,2022-05-06,49
Al-Jubail,RO,RO\RO - L,2022-05-07,49
Al-Jubail,RO,RO\RO - L,2022-05-08,49
Al-Jubail,RO,RO\RO - L,2022-05-09,48
Al-Jubail,RO,RO\RO - L,2022-05-10,46
Al-Jubail,RO,RO\RO - L,2022-05-11,49
Al-Jubail,RO,RO\RO - L,2022-05-12,49
Al-Jubail,RO,RO\RO - L,2022-05-13,52
Al-Jubail,RO,RO\RO - L,2022-05-14,49
Al-Jubail,RO,RO\RO - L,2022-05-15,48
Al-Jubail,RO,RO\RO - L,2022-05-16,48
Al-Jubail,RO,RO\RO - L,2022-05-17,47
Al-Jubail,RO,RO\RO - L,2022-05-18,48
Al-Jubail,RO,RO\RO - L,2022-05-19,49
Al-Jubail,RO,RO\RO - L,2022-05-20,49
Al-Jubail,RO,RO\RO - L,2022-05-21,51
Al-Jubail,RO,RO\RO - L,2022-05-22,49
Al-Jubail,RO,RO\RO - L,2022-05-23,47
Al-Jubail,RO,RO\RO - L,2022-05-24,50
Al-Jubail,RO,RO\RO - L,2022-05-25,49
Al-Jubail,RO,RO\RO - L,2022-05-26,49
Al-Jubail,RO,RO\RO - L,2022-05-27,48
Al-Jubail,RO,RO\RO - L,2022-05-28,50
Al-Jubail,RO,RO\RO - L,2022-05-29,49
Al-Jubail,RO,RO\RO - L,2022-05-30,49
Al-Jubail,RO,RO\RO - L,2022-05-31,49
Al-Jubail,RO,RO\RO - M,2022-05-01,4487
Al-Jubail,RO,RO\RO - M,2022-05-02,5961
Al-Jubail,RO,RO\RO - M,2022-05-03,5920
Al-Jubail,RO,RO\RO - M,2022-05-04,5892
Al-Jubail,RO,RO\RO - M,2022-05-05,5870
Al-Jubail,RO,RO\RO - M,2022-05-06,5851
Al-Jubail,RO,RO\RO - M,2022-05-07,5817
Al-Jubail,RO,RO\RO - M,2022-05-08,5807
Al-Jubail,RO,RO\RO - M,2022-05-09,5793
Al-Jubail,RO,RO\RO - M,2022-05-10,5785
Al-Jubail,RO,RO\RO - M,2022-05-11,5820
Al-Jubail,RO,RO\RO - M,2022-05-12,5840
Al-Jubail,RO,RO\RO - M,2022-05-13,5831
Al-Jubail,RO,RO\RO - M,2022-05-14,5758
Al-Jubail,RO,RO\RO - M,2022-05-15,5689
Al-Jubail,RO,RO\RO - M,2022-05-16,5801
Al-Jubail,RO,RO\RO - M,2022-05-17,5892
Al-Jubail,RO,RO\RO - M,2022-05-18,5898
Al-Jubail,RO,RO\RO - M,2022-05-19,5902
Al-Jubail,RO,RO\RO - M,2022-05-20,5937
Al-Jubail,RO,RO\RO - M,2022-05-21,5934
Al-Jubail,RO,RO\RO - M,2022-05-22,5871
Al-Jubail,RO,RO\RO - M,2022-05-23,2236
Al-Jubail,RO,RO\RO - M,2022-05-24,3812
Al-Jubail,RO,RO\RO - M,2022-05-25,5859
Al-Jubail,RO,RO\RO - M,2022-05-26,5771
Al-Jubail,RO,RO\RO - M,2022-05-27,5775
Al-Jubail,RO,RO\RO - M,2022-05-28,5766
Al-Jubail,RO,RO\RO - M,2022-05-29,5768
Al-Jubail,RO,RO\RO - M,2022-05-30,5780
Al-Jubail,RO,RO\RO - M,2022-05-31,5829
Al-Jubail,RO,RO\RO - N,2022-05-01,2583
Al-Jubail,RO,RO\RO - N,2022-05-02,4396
Al-Jubail,RO,RO\RO - N,2022-05-03,4409
Al-Jubail,RO,RO\RO - N,2022-05-04,4395
Al-Jubail,RO,RO\RO - N,2022-05-05,4374
Al-Jubail,RO,RO\RO - N,2022-05-06,4348
Al-Jubail,RO,RO\RO - N,2022-05-07,4317
Al-Jubail,RO,RO\RO - N,2022-05-08,4291
Al-Jubail,RO,RO\RO - N,2022-05-09,4262
Al-Jubail,RO,RO\RO - N,2022-05-10,4251
Al-Jubail,RO,RO\RO - N,2022-05-11,4277
Al-Jubail,RO,RO\RO - N,2022-05-12,4299
Al-Jubail,RO,RO\RO - N,2022-05-13,4281
Al-Jubail,RO,RO\RO - N,2022-05-14,4209
Al-Jubail,RO,RO\RO - N,2022-05-15,4141
Al-Jubail,RO,RO\RO - N,2022-05-16,4221
Al-Jubail,RO,RO\RO - N,2022-05-17,4283
Al-Jubail,RO,RO\RO - N,2022-05-18,4288
Al-Jubail,RO,RO\RO - N,2022-05-19,4291
Al-Jubail,RO,RO\RO - N,2022-05-20,4325
Al-Jubail,RO,RO\RO - N,2022-05-21,4357
Al-Jubail,RO,RO\RO - N,2022-05-22,4385
Al-Jubail,RO,RO\RO - N,2022-05-23,1665
Al-Jubail,RO,RO\RO - N,2022-05-24,2963
Al-Jubail,RO,RO\RO - N,2022-05-25,4413
Al-Jubail,RO,RO\RO - N,2022-05-26,4380
Al-Jubail,RO,RO\RO - N,2022-05-27,4384
Al-Jubail,RO,RO\RO - N,2022-05-28,4388
Al-Jubail,RO,RO\RO - N,2022-05-29,4398
Al-Jubail,RO,RO\RO - N,2022-05-30,4428
Al-Jubail,RO,RO\RO - N,2022-05-31,4461
Al-Jubail,RO,RO\RO - P,2022-05-01,4760
Al-Jubail,RO,RO\RO - P,2022-05-02,4775
Al-Jubail,RO,RO\RO - P,2022-05-03,4796
Al-Jubail,RO,RO\RO - P,2022-05-04,4784
Al-Jubail,RO,RO\RO - P,2022-05-05,4771
Al-Jubail,RO,RO\RO - P,2022-05-06,4745
Al-Jubail,RO,RO\RO - P,2022-05-07,3856
Al-Jubail,RO,RO\RO - P,2022-05-08,728
Al-Jubail,RO,RO\RO - P,2022-05-09,1773
Al-Jubail,RO,RO\RO - P,2022-05-10,4499
Al-Jubail,RO,RO\RO - P,2022-05-11,4514
Al-Jubail,RO,RO\RO - P,2022-05-12,4531
Al-Jubail,RO,RO\RO - P,2022-05-13,4511
Al-Jubail,RO,RO\RO - P,2022-05-14,4441
Al-Jubail,RO,RO\RO - P,2022-05-15,4375
Al-Jubail,RO,RO\RO - P,2022-05-16,4452
Al-Jubail,RO,RO\RO - P,2022-05-17,4511
Al-Jubail,RO,RO\RO - P,2022-05-18,4510
Al-Jubail,RO,RO\RO - P,2022-05-19,4510
Al-Jubail,RO,RO\RO - P,2022-05-20,4540
Al-Jubail,RO,RO\RO - P,2022-05-21,4242
Al-Jubail,RO,RO\RO - P,2022-05-22,4690
Al-Jubail,RO,RO\RO - P,2022-05-23,1770
Al-Jubail,RO,RO\RO - P,2022-05-24,3203
Al-Jubail,RO,RO\RO - P,2022-05-25,4713
Al-Jubail,RO,RO\RO - P,2022-05-26,3650
Al-Jubail,RO,RO\RO - P,2022-05-27,0
Al-Jubail,RO,RO\RO - P,2022-05-28,0
Al-Jubail,RO,RO\RO - P,2022-05-29,2815
Al-Jubail,RO,RO\RO - P,2022-05-30,4761
Al-Jubail,RO,RO\RO - P,2022-05-31,4019
Al-Jubail,RO,RO\RO - Q,2022-05-01,0
Al-Jubail,RO,RO\RO - Q,2022-05-02,0
Al-Jubail,RO,RO\RO - Q,2022-05-03,0
Al-Jubail,RO,RO\RO - Q,2022-05-04,0
Al-Jubail,RO,RO\RO - Q,2022-05-05,0
Al-Jubail,RO,RO\RO - Q,2022-05-06,0
Al-Jubail,RO,RO\RO - Q,2022-05-07,0
Al-Jubail,RO,RO\RO - Q,2022-05-08,0
Al-Jubail,RO,RO\RO - Q,2022-05-09,0
Al-Jubail,RO,RO\RO - Q,2022-05-10,0
Al-Jubail,RO,RO\RO - Q,2022-05-11,0
Al-Jubail,RO,RO\RO - Q,2022-05-12,0
Al-Jubail,RO,RO\RO - Q,2022-05-13,0
Al-Jubail,RO,RO\RO - Q,2022-05-14,0
Al-Jubail,RO,RO\RO - Q,2022-05-15,0
Al-Jubail,RO,RO\RO - Q,2022-05-16,0
Al-Jubail,RO,RO\RO - Q,2022-05-17,0
Al-Jubail,RO,RO\RO - Q,2022-05-18,0
Al-Jubail,RO,RO\RO - Q,2022-05-19,0
Al-Jubail,RO,RO\RO - Q,2022-05-20,0
Al-Jubail,RO,RO\RO - Q,2022-05-21,0
Al-Jubail,RO,RO\RO - Q,2022-05-22,0
Al-Jubail,RO,RO\RO - Q,2022-05-23,0
Al-Jubail,RO,RO\RO - Q,2022-05-24,0
Al-Jubail,RO,RO\RO - Q,2022-05-25,0
Al-Jubail,RO,RO\RO - Q,2022-05-26,0
Al-Jubail,RO,RO\RO - Q,2022-05-27,0
Al-Jubail,RO,RO\RO - Q,2022-05-28,0
Al-Jubail,RO,RO\RO - Q,2022-05-29,0
Al-Jubail,RO,RO\RO - Q,2022-05-30,0
Al-Jubail,RO,RO\RO - Q,2022-05-31,0
